code,name,short_name,district_level,parent_code,province_code,city_code,full_name,pinyin,pinyin_initial,sort_no
110000,北京市,北京,1,,110000,,北京市,bei jing,b,1
110101,东城区,东城,3,110000,110000,,北京市/东城区,dong cheng,d,2
110102,西城区,西城,3,110000,110000,,北京市/西城区,xi cheng,x,3
110105,朝阳区,朝阳,3,110000,110000,,北京市/朝阳区,chao yang,c,4
110106,丰台区,丰台,3,110000,110000,,北京市/丰台区,feng tai,f,5
110107,石景山区,石景山,3,110000,110000,,北京市/石景山区,shi jing shan,s,6
110108,海淀区,海淀,3,110000,110000,,北京市/海淀区,hai dian,h,7
110109,门头沟区,门头沟,3,110000,110000,,北京市/门头沟区,men tou gou,m,8
110111,房山区,房山,3,110000,110000,,北京市/房山区,fang shan,f,9
110112,通州区,通州,3,110000,110000,,北京市/通州区,tong zhou,t,10
110113,顺义区,顺义,3,110000,110000,,北京市/顺义区,shun yi,s,11
110114,昌平区,昌平,3,110000,110000,,北京市/昌平区,chang ping,c,12
110115,大兴区,大兴,3,110000,110000,,北京市/大兴区,da xing,d,13
110116,怀柔区,怀柔,3,110000,110000,,北京市/怀柔区,huai rou,h,14
110117,平谷区,平谷,3,110000,110000,,北京市/平谷区,ping gu,p,15
110118,密云区,密云,3,110000,110000,,北京市/密云区,mi yun,m,16
110119,延庆区,延庆,3,110000,110000,,北京市/延庆区,yan qing,y,17
120000,天津市,天津,1,,120000,,天津市,tian jin,t,18
120101,和平区,和平,3,120000,120000,,天津市/和平区,he ping,h,19
120102,河东区,河东,3,120000,120000,,天津市/河东区,he dong,h,20
120103,河西区,河西,3,120000,120000,,天津市/河西区,he xi,h,21
120104,南开区,南开,3,120000,120000,,天津市/南开区,nan kai,n,22
120105,河北区,河北,3,120000,120000,,天津市/河北区,he bei,h,23
120106,红桥区,红桥,3,120000,120000,,天津市/红桥区,hong qiao,h,24
120110,东丽区,东丽,3,120000,120000,,天津市/东丽区,dong li,d,25
120111,西青区,西青,3,120000,120000,,天津市/西青区,xi qing,x,26
120112,津南区,津南,3,120000,120000,,天津市/津南区,jin nan,j,27
120113,北辰区,北辰,3,120000,120000,,天津市/北辰区,bei chen,b,28
120114,武清区,武清,3,120000,120000,,天津市/武清区,wu qing,w,29
120115,宝坻区,宝坻,3,120000,120000,,天津市/宝坻区,bao di,b,30
120116,滨海新区,滨海新区,3,120000,120000,,天津市/滨海新区,bin hai xin qu,b,31
120117,宁河区,宁河,3,120000,120000,,天津市/宁河区,ning he,n,32
120118,静海区,静海,3,120000,120000,,天津市/静海区,jing hai,j,33
120119,蓟州区,蓟州,3,120000,120000,,天津市/蓟州区,ji zhou,j,34
130000,河北省,河北,1,,130000,,河北省,he bei,h,35
130100,石家庄市,石家庄,2,130000,130000,130100,河北省/石家庄市,shi jia zhuang,s,36
130102,长安区,长安,3,130100,130000,130100,河北省/石家庄市/长安区,chang an,c,37
130104,桥西区,桥西,3,130100,130000,130100,河北省/石家庄市/桥西区,qiao xi,q,38
130105,新华区,新华,3,130100,130000,130100,河北省/石家庄市/新华区,xin hua,x,39
130107,井陉矿区,井陉矿区,3,130100,130000,130100,河北省/石家庄市/井陉矿区,jing xing kuang qu,j,40
130108,裕华区,裕华,3,130100,130000,130100,河北省/石家庄市/裕华区,yu hua,y,41
130109,藁城区,藁城,3,130100,130000,130100,河北省/石家庄市/藁城区,gao cheng,g,42
130110,鹿泉区,鹿泉,3,130100,130000,130100,河北省/石家庄市/鹿泉区,lu quan,l,43
130111,栾城区,栾城,3,130100,130000,130100,河北省/石家庄市/栾城区,luan cheng,l,44
130121,井陉县,井陉,3,130100,130000,130100,河北省/石家庄市/井陉县,jing xing,j,45
130123,正定县,正定,3,130100,130000,130100,河北省/石家庄市/正定县,zheng ding,z,46
130125,行唐县,行唐,3,130100,130000,130100,河北省/石家庄市/行唐县,xing tang,x,47
130126,灵寿县,灵寿,3,130100,130000,130100,河北省/石家庄市/灵寿县,ling shou,l,48
130127,高邑县,高邑,3,130100,130000,130100,河北省/石家庄市/高邑县,gao yi,g,49
130128,深泽县,深泽,3,130100,130000,130100,河北省/石家庄市/深泽县,shen ze,s,50
130129,赞皇县,赞皇,3,130100,130000,130100,河北省/石家庄市/赞皇县,zan huang,z,51
130130,无极县,无极,3,130100,130000,130100,河北省/石家庄市/无极县,wu ji,w,52
130131,平山县,平山,3,130100,130000,130100,河北省/石家庄市/平山县,ping shan,p,53
130132,元氏县,元氏,3,130100,130000,130100,河北省/石家庄市/元氏县,yuan shi,y,54
130133,赵县,赵县,3,130100,130000,130100,河北省/石家庄市/赵县,zhao xian,z,55
130181,辛集市,辛集,3,130100,130000,130100,河北省/石家庄市/辛集市,xin ji,x,56
130183,晋州市,晋州,3,130100,130000,130100,河北省/石家庄市/晋州市,jin zhou,j,57
130184,新乐市,新乐,3,130100,130000,130100,河北省/石家庄市/新乐市,xin le,x,58
130200,唐山市,唐山,2,130000,130000,130200,河北省/唐山市,tang shan,t,59
130202,路南区,路南,3,130200,130000,130200,河北省/唐山市/路南区,lu nan,l,60
130203,路北区,路北,3,130200,130000,130200,河北省/唐山市/路北区,lu bei,l,61
130204,古冶区,古冶,3,130200,130000,130200,河北省/唐山市/古冶区,gu ye,g,62
130205,开平区,开平,3,130200,130000,130200,河北省/唐山市/开平区,kai ping,k,63
130207,丰南区,丰南,3,130200,130000,130200,河北省/唐山市/丰南区,feng nan,f,64
130208,丰润区,丰润,3,130200,130000,130200,河北省/唐山市/丰润区,feng run,f,65
130209,曹妃甸区,曹妃甸,3,130200,130000,130200,河北省/唐山市/曹妃甸区,cao fei dian,c,66
130224,滦南县,滦南,3,130200,130000,130200,河北省/唐山市/滦南县,luan nan,l,67
130225,乐亭县,乐亭,3,130200,130000,130200,河北省/唐山市/乐亭县,lao ting,l,68
130227,迁西县,迁西,3,130200,130000,130200,河北省/唐山市/迁西县,qian xi,q,69
130229,玉田县,玉田,3,130200,130000,130200,河北省/唐山市/玉田县,yu tian,y,70
130281,遵化市,遵化,3,130200,130000,130200,河北省/唐山市/遵化市,zun hua,z,71
130283,迁安市,迁安,3,130200,130000,130200,河北省/唐山市/迁安市,qian an,q,72
130284,滦州市,滦州,3,130200,130000,130200,河北省/唐山市/滦州市,luan zhou,l,73
130300,秦皇岛市,秦皇岛,2,130000,130000,130300,河北省/秦皇岛市,qin huang dao,q,74
130302,海港区,海港,3,130300,130000,130300,河北省/秦皇岛市/海港区,hai gang,h,75
130303,山海关区,山海关,3,130300,130000,130300,河北省/秦皇岛市/山海关区,shan hai guan,s,76
130304,北戴河区,北戴河,3,130300,130000,130300,河北省/秦皇岛市/北戴河区,bei dai he,b,77
130306,抚宁区,抚宁,3,130300,130000,130300,河北省/秦皇岛市/抚宁区,fu ning,f,78
130321,青龙满族自治县,青龙,3,130300,130000,130300,河北省/秦皇岛市/青龙满族自治县,qing long,q,79
130322,昌黎县,昌黎,3,130300,130000,130300,河北省/秦皇岛市/昌黎县,chang li,c,80
130324,卢龙县,卢龙,3,130300,130000,130300,河北省/秦皇岛市/卢龙县,lu long,l,81
130400,邯郸市,邯郸,2,130000,130000,130400,河北省/邯郸市,han dan,h,82
130402,邯山区,邯山,3,130400,130000,130400,河北省/邯郸市/邯山区,han shan,h,83
130403,丛台区,丛台,3,130400,130000,130400,河北省/邯郸市/丛台区,cong tai,c,84
130404,复兴区,复兴,3,130400,130000,130400,河北省/邯郸市/复兴区,fu xing,f,85
130406,峰峰矿区,峰峰矿区,3,130400,130000,130400,河北省/邯郸市/峰峰矿区,feng feng kuang qu,f,86
130407,肥乡区,肥乡,3,130400,130000,130400,河北省/邯郸市/肥乡区,fei xiang,f,87
130408,永年区,永年,3,130400,130000,130400,河北省/邯郸市/永年区,yong nian,y,88
130423,临漳县,临漳,3,130400,130000,130400,河北省/邯郸市/临漳县,lin zhang,l,89
130424,成安县,成安,3,130400,130000,130400,河北省/邯郸市/成安县,cheng an,c,90
130425,大名县,大名,3,130400,130000,130400,河北省/邯郸市/大名县,da ming,d,91
130426,涉县,涉县,3,130400,130000,130400,河北省/邯郸市/涉县,she xian,s,92
130427,磁县,磁县,3,130400,130000,130400,河北省/邯郸市/磁县,ci xian,c,93
130430,邱县,邱县,3,130400,130000,130400,河北省/邯郸市/邱县,qiu xian,q,94
130431,鸡泽县,鸡泽,3,130400,130000,130400,河北省/邯郸市/鸡泽县,ji ze,j,95
130432,广平县,广平,3,130400,130000,130400,河北省/邯郸市/广平县,guang ping,g,96
130433,馆陶县,馆陶,3,130400,130000,130400,河北省/邯郸市/馆陶县,guan tao,g,97
130434,魏县,魏县,3,130400,130000,130400,河北省/邯郸市/魏县,wei xian,w,98
130435,曲周县,曲周,3,130400,130000,130400,河北省/邯郸市/曲周县,qu zhou,q,99
130481,武安市,武安,3,130400,130000,130400,河北省/邯郸市/武安市,wu an,w,100
130500,邢台市,邢台,2,130000,130000,130500,河北省/邢台市,xing tai,x,101
130502,襄都区,襄都,3,130500,130000,130500,河北省/邢台市/襄都区,xiang du,x,102
130503,信都区,信都,3,130500,130000,130500,河北省/邢台市/信都区,xin du,x,103
130505,任泽区,任泽,3,130500,130000,130500,河北省/邢台市/任泽区,ren ze,r,104
130506,南和区,南和,3,130500,130000,130500,河北省/邢台市/南和区,nan he,n,105
130522,临城县,临城,3,130500,130000,130500,河北省/邢台市/临城县,lin cheng,l,106
130523,内丘县,内丘,3,130500,130000,130500,河北省/邢台市/内丘县,nei qiu,n,107
130524,柏乡县,柏乡,3,130500,130000,130500,河北省/邢台市/柏乡县,bai xiang,b,108
130525,隆尧县,隆尧,3,130500,130000,130500,河北省/邢台市/隆尧县,long yao,l,109
130528,宁晋县,宁晋,3,130500,130000,130500,河北省/邢台市/宁晋县,ning jin,n,110
130529,巨鹿县,巨鹿,3,130500,130000,130500,河北省/邢台市/巨鹿县,ju lu,j,111
130530,新河县,新河,3,130500,130000,130500,河北省/邢台市/新河县,xin he,x,112
130531,广宗县,广宗,3,130500,130000,130500,河北省/邢台市/广宗县,guang zong,g,113
130532,平乡县,平乡,3,130500,130000,130500,河北省/邢台市/平乡县,ping xiang,p,114
130533,威县,威县,3,130500,130000,130500,河北省/邢台市/威县,wei xian,w,115
130534,清河县,清河,3,130500,130000,130500,河北省/邢台市/清河县,qing he,q,116
130535,临西县,临西,3,130500,130000,130500,河北省/邢台市/临西县,lin xi,l,117
130581,南宫市,南宫,3,130500,130000,130500,河北省/邢台市/南宫市,nan gong,n,118
130582,沙河市,沙河,3,130500,130000,130500,河北省/邢台市/沙河市,sha he,s,119
130600,保定市,保定,2,130000,130000,130600,河北省/保定市,bao ding,b,120
130602,竞秀区,竞秀,3,130600,130000,130600,河北省/保定市/竞秀区,jing xiu,j,121
130606,莲池区,莲池,3,130600,130000,130600,河北省/保定市/莲池区,lian chi,l,122
130607,满城区,满城,3,130600,130000,130600,河北省/保定市/满城区,man cheng,m,123
130608,清苑区,清苑,3,130600,130000,130600,河北省/保定市/清苑区,qing yuan,q,124
130609,徐水区,徐水,3,130600,130000,130600,河北省/保定市/徐水区,xu shui,x,125
130623,涞水县,涞水,3,130600,130000,130600,河北省/保定市/涞水县,lai shui,l,126
130624,阜平县,阜平,3,130600,130000,130600,河北省/保定市/阜平县,fu ping,f,127
130626,定兴县,定兴,3,130600,130000,130600,河北省/保定市/定兴县,ding xing,d,128
130627,唐县,唐县,3,130600,130000,130600,河北省/保定市/唐县,tang xian,t,129
130628,高阳县,高阳,3,130600,130000,130600,河北省/保定市/高阳县,gao yang,g,130
130629,容城县,容城,3,130600,130000,130600,河北省/保定市/容城县,rong cheng,r,131
130630,涞源县,涞源,3,130600,130000,130600,河北省/保定市/涞源县,lai yuan,l,132
130631,望都县,望都,3,130600,130000,130600,河北省/保定市/望都县,wang du,w,133
130632,安新县,安新,3,130600,130000,130600,河北省/保定市/安新县,an xin,a,134
130633,易县,易县,3,130600,130000,130600,河北省/保定市/易县,yi xian,y,135
130634,曲阳县,曲阳,3,130600,130000,130600,河北省/保定市/曲阳县,qu yang,q,136
130635,蠡县,蠡县,3,130600,130000,130600,河北省/保定市/蠡县,li xian,l,137
130636,顺平县,顺平,3,130600,130000,130600,河北省/保定市/顺平县,shun ping,s,138
130637,博野县,博野,3,130600,130000,130600,河北省/保定市/博野县,bo ye,b,139
130638,雄县,雄县,3,130600,130000,130600,河北省/保定市/雄县,xiong xian,x,140
130681,涿州市,涿州,3,130600,130000,130600,河北省/保定市/涿州市,zhuo zhou,z,141
130682,定州市,定州,3,130600,130000,130600,河北省/保定市/定州市,ding zhou,d,142
130683,安国市,安国,3,130600,130000,130600,河北省/保定市/安国市,an guo,a,143
130684,高碑店市,高碑店,3,130600,130000,130600,河北省/保定市/高碑店市,gao bei dian,g,144
130700,张家口市,张家口,2,130000,130000,130700,河北省/张家口市,zhang jia kou,z,145
130702,桥东区,桥东,3,130700,130000,130700,河北省/张家口市/桥东区,qiao dong,q,146
130703,桥西区,桥西,3,130700,130000,130700,河北省/张家口市/桥西区,qiao xi,q,147
130705,宣化区,宣化,3,130700,130000,130700,河北省/张家口市/宣化区,xuan hua,x,148
130706,下花园区,下花园,3,130700,130000,130700,河北省/张家口市/下花园区,xia hua yuan,x,149
130708,万全区,万全,3,130700,130000,130700,河北省/张家口市/万全区,wan quan,w,150
130709,崇礼区,崇礼,3,130700,130000,130700,河北省/张家口市/崇礼区,chong li,c,151
130722,张北县,张北,3,130700,130000,130700,河北省/张家口市/张北县,zhang bei,z,152
130723,康保县,康保,3,130700,130000,130700,河北省/张家口市/康保县,kang bao,k,153
130724,沽源县,沽源,3,130700,130000,130700,河北省/张家口市/沽源县,gu yuan,g,154
130725,尚义县,尚义,3,130700,130000,130700,河北省/张家口市/尚义县,shang yi,s,155
130726,蔚县,蔚县,3,130700,130000,130700,河北省/张家口市/蔚县,yu xian,y,156
130727,阳原县,阳原,3,130700,130000,130700,河北省/张家口市/阳原县,yang yuan,y,157
130728,怀安县,怀安,3,130700,130000,130700,河北省/张家口市/怀安县,huai an,h,158
130730,怀来县,怀来,3,130700,130000,130700,河北省/张家口市/怀来县,huai lai,h,159
130731,涿鹿县,涿鹿,3,130700,130000,130700,河北省/张家口市/涿鹿县,zhuo lu,z,160
130732,赤城县,赤城,3,130700,130000,130700,河北省/张家口市/赤城县,chi cheng,c,161
130800,承德市,承德,2,130000,130000,130800,河北省/承德市,cheng de,c,162
130802,双桥区,双桥,3,130800,130000,130800,河北省/承德市/双桥区,shuang qiao,s,163
130803,双滦区,双滦,3,130800,130000,130800,河北省/承德市/双滦区,shuang luan,s,164
130804,鹰手营子矿区,鹰手营子矿区,3,130800,130000,130800,河北省/承德市/鹰手营子矿区,ying shou ying zi kuang qu,y,165
130821,承德县,承德县,3,130800,130000,130800,河北省/承德市/承德县,cheng de xian,c,166
130822,兴隆县,兴隆,3,130800,130000,130800,河北省/承德市/兴隆县,xing long,x,167
130824,滦平县,滦平,3,130800,130000,130800,河北省/承德市/滦平县,luan ping,l,168
130825,隆化县,隆化,3,130800,130000,130800,河北省/承德市/隆化县,long hua,l,169
130826,丰宁满族自治县,丰宁,3,130800,130000,130800,河北省/承德市/丰宁满族自治县,feng ning,f,170
130827,宽城满族自治县,宽城,3,130800,130000,130800,河北省/承德市/宽城满族自治县,kuan cheng,k,171
130828,围场满族蒙古族自治县,围场,3,130800,130000,130800,河北省/承德市/围场满族蒙古族自治县,wei chang,w,172
130881,平泉市,平泉,3,130800,130000,130800,河北省/承德市/平泉市,ping quan,p,173
130900,沧州市,沧州,2,130000,130000,130900,河北省/沧州市,cang zhou,c,174
130902,新华区,新华,3,130900,130000,130900,河北省/沧州市/新华区,xin hua,x,175
130903,运河区,运河,3,130900,130000,130900,河北省/沧州市/运河区,yun he,y,176
130921,沧县,沧县,3,130900,130000,130900,河北省/沧州市/沧县,cang xian,c,177
130922,青县,青县,3,130900,130000,130900,河北省/沧州市/青县,qing xian,q,178
130923,东光县,东光,3,130900,130000,130900,河北省/沧州市/东光县,dong guang,d,179
130924,海兴县,海兴,3,130900,130000,130900,河北省/沧州市/海兴县,hai xing,h,180
130925,盐山县,盐山,3,130900,130000,130900,河北省/沧州市/盐山县,yan shan,y,181
130926,肃宁县,肃宁,3,130900,130000,130900,河北省/沧州市/肃宁县,su ning,s,182
130927,南皮县,南皮,3,130900,130000,130900,河北省/沧州市/南皮县,nan pi,n,183
130928,吴桥县,吴桥,3,130900,130000,130900,河北省/沧州市/吴桥县,wu qiao,w,184
130929,献县,献县,3,130900,130000,130900,河北省/沧州市/献县,xian xian,x,185
130930,孟村回族自治县,孟村,3,130900,130000,130900,河北省/沧州市/孟村回族自治县,meng cun,m,186
130981,泊头市,泊头,3,130900,130000,130900,河北省/沧州市/泊头市,bo tou,b,187
130982,任丘市,任丘,3,130900,130000,130900,河北省/沧州市/任丘市,ren qiu,r,188
130983,黄骅市,黄骅,3,130900,130000,130900,河北省/沧州市/黄骅市,huang hua,h,189
130984,河间市,河间,3,130900,130000,130900,河北省/沧州市/河间市,he jian,h,190
131000,廊坊市,廊坊,2,130000,130000,131000,河北省/廊坊市,lang fang,l,191
131002,安次区,安次,3,131000,130000,131000,河北省/廊坊市/安次区,an ci,a,192
131003,广阳区,广阳,3,131000,130000,131000,河北省/廊坊市/广阳区,guang yang,g,193
131022,固安县,固安,3,131000,130000,131000,河北省/廊坊市/固安县,gu an,g,194
131023,永清县,永清,3,131000,130000,131000,河北省/廊坊市/永清县,yong qing,y,195
131024,香河县,香河,3,131000,130000,131000,河北省/廊坊市/香河县,xiang he,x,196
131025,大城县,大城,3,131000,130000,131000,河北省/廊坊市/大城县,da cheng,d,197
131026,文安县,文安,3,131000,130000,131000,河北省/廊坊市/文安县,wen an,w,198
131028,大厂回族自治县,大厂,3,131000,130000,131000,河北省/廊坊市/大厂回族自治县,da chang,d,199
131081,霸州市,霸州,3,131000,130000,131000,河北省/廊坊市/霸州市,ba zhou,b,200
131082,三河市,三河,3,131000,130000,131000,河北省/廊坊市/三河市,san he,s,201
131100,衡水市,衡水,2,130000,130000,131100,河北省/衡水市,heng shui,h,202
131102,桃城区,桃城,3,131100,130000,131100,河北省/衡水市/桃城区,tao cheng,t,203
131103,冀州区,冀州,3,131100,130000,131100,河北省/衡水市/冀州区,ji zhou,j,204
131121,枣强县,枣强,3,131100,130000,131100,河北省/衡水市/枣强县,zao qiang,z,205
131122,武邑县,武邑,3,131100,130000,131100,河北省/衡水市/武邑县,wu yi,w,206
131123,武强县,武强,3,131100,130000,131100,河北省/衡水市/武强县,wu qiang,w,207
131124,饶阳县,饶阳,3,131100,130000,131100,河北省/衡水市/饶阳县,rao yang,r,208
131125,安平县,安平,3,131100,130000,131100,河北省/衡水市/安平县,an ping,a,209
131126,故城县,故城,3,131100,130000,131100,河北省/衡水市/故城县,gu cheng,g,210
131127,景县,景县,3,131100,130000,131100,河北省/衡水市/景县,jing xian,j,211
131128,阜城县,阜城,3,131100,130000,131100,河北省/衡水市/阜城县,fu cheng,f,212
131182,深州市,深州,3,131100,130000,131100,河北省/衡水市/深州市,shen zhou,s,213
140000,山西省,山西,1,,140000,,山西省,shan xi,s,214
140100,太原市,太原,2,140000,140000,140100,山西省/太原市,tai yuan,t,215
140105,小店区,小店,3,140100,140000,140100,山西省/太原市/小店区,xiao dian,x,216
140106,迎泽区,迎泽,3,140100,140000,140100,山西省/太原市/迎泽区,ying ze,y,217
140107,杏花岭区,杏花岭,3,140100,140000,140100,山西省/太原市/杏花岭区,xing hua ling,x,218
140108,尖草坪区,尖草坪,3,140100,140000,140100,山西省/太原市/尖草坪区,jian cao ping,j,219
140109,万柏林区,万柏林,3,140100,140000,140100,山西省/太原市/万柏林区,wan bai lin,w,220
140110,晋源区,晋源,3,140100,140000,140100,山西省/太原市/晋源区,jin yuan,j,221
140121,清徐县,清徐,3,140100,140000,140100,山西省/太原市/清徐县,qing xu,q,222
140122,阳曲县,阳曲,3,140100,140000,140100,山西省/太原市/阳曲县,yang qu,y,223
140123,娄烦县,娄烦,3,140100,140000,140100,山西省/太原市/娄烦县,lou fan,l,224
140181,古交市,古交,3,140100,140000,140100,山西省/太原市/古交市,gu jiao,g,225
140200,大同市,大同,2,140000,140000,140200,山西省/大同市,da tong,d,226
140212,新荣区,新荣,3,140200,140000,140200,山西省/大同市/新荣区,xin rong,x,227
140213,平城区,平城,3,140200,140000,140200,山西省/大同市/平城区,ping cheng,p,228
140214,云冈区,云冈,3,140200,140000,140200,山西省/大同市/云冈区,yun gang,y,229
140215,云州区,云州,3,140200,140000,140200,山西省/大同市/云州区,yun zhou,y,230
140221,阳高县,阳高,3,140200,140000,140200,山西省/大同市/阳高县,yang gao,y,231
140222,天镇县,天镇,3,140200,140000,140200,山西省/大同市/天镇县,tian zhen,t,232
140223,广灵县,广灵,3,140200,140000,140200,山西省/大同市/广灵县,guang ling,g,233
140224,灵丘县,灵丘,3,140200,140000,140200,山西省/大同市/灵丘县,ling qiu,l,234
140225,浑源县,浑源,3,140200,140000,140200,山西省/大同市/浑源县,hun yuan,h,235
140226,左云县,左云,3,140200,140000,140200,山西省/大同市/左云县,zuo yun,z,236
140300,阳泉市,阳泉,2,140000,140000,140300,山西省/阳泉市,yang quan,y,237
140302,城区,城区,3,140300,140000,140300,山西省/阳泉市/城区,cheng qu,c,238
140303,矿区,矿区,3,140300,140000,140300,山西省/阳泉市/矿区,kuang qu,k,239
140311,郊区,郊区,3,140300,140000,140300,山西省/阳泉市/郊区,jiao qu,j,240
140321,平定县,平定,3,140300,140000,140300,山西省/阳泉市/平定县,ping ding,p,241
140322,盂县,盂县,3,140300,140000,140300,山西省/阳泉市/盂县,yu xian,y,242
140400,长治市,长治,2,140000,140000,140400,山西省/长治市,chang zhi,c,243
140403,潞州区,潞州,3,140400,140000,140400,山西省/长治市/潞州区,lu zhou,l,244
140404,上党区,上党,3,140400,140000,140400,山西省/长治市/上党区,shang dang,s,245
140405,屯留区,屯留,3,140400,140000,140400,山西省/长治市/屯留区,tun liu,t,246
140406,潞城区,潞城,3,140400,140000,140400,山西省/长治市/潞城区,lu cheng,l,247
140423,襄垣县,襄垣,3,140400,140000,140400,山西省/长治市/襄垣县,xiang yuan,x,248
140425,平顺县,平顺,3,140400,140000,140400,山西省/长治市/平顺县,ping shun,p,249
140426,黎城县,黎城,3,140400,140000,140400,山西省/长治市/黎城县,li cheng,l,250
140427,壶关县,壶关,3,140400,140000,140400,山西省/长治市/壶关县,hu guan,h,251
140428,长子县,长子,3,140400,140000,140400,山西省/长治市/长子县,zhang zi,z,252
140429,武乡县,武乡,3,140400,140000,140400,山西省/长治市/武乡县,wu xiang,w,253
140430,沁县,沁县,3,140400,140000,140400,山西省/长治市/沁县,qin xian,q,254
140431,沁源县,沁源,3,140400,140000,140400,山西省/长治市/沁源县,qin yuan,q,255
140500,晋城市,晋城,2,140000,140000,140500,山西省/晋城市,jin cheng,j,256
140502,城区,城区,3,140500,140000,140500,山西省/晋城市/城区,cheng qu,c,257
140521,沁水县,沁水,3,140500,140000,140500,山西省/晋城市/沁水县,qin shui,q,258
140522,阳城县,阳城,3,140500,140000,140500,山西省/晋城市/阳城县,yang cheng,y,259
140524,陵川县,陵川,3,140500,140000,140500,山西省/晋城市/陵川县,ling chuan,l,260
140525,泽州县,泽州,3,140500,140000,140500,山西省/晋城市/泽州县,ze zhou,z,261
140581,高平市,高平,3,140500,140000,140500,山西省/晋城市/高平市,gao ping,g,262
140600,朔州市,朔州,2,140000,140000,140600,山西省/朔州市,shuo zhou,s,263
140602,朔城区,朔城,3,140600,140000,140600,山西省/朔州市/朔城区,shuo cheng,s,264
140603,平鲁区,平鲁,3,140600,140000,140600,山西省/朔州市/平鲁区,ping lu,p,265
140621,山阴县,山阴,3,140600,140000,140600,山西省/朔州市/山阴县,shan yin,s,266
140622,应县,应县,3,140600,140000,140600,山西省/朔州市/应县,ying xian,y,267
140623,右玉县,右玉,3,140600,140000,140600,山西省/朔州市/右玉县,you yu,y,268
140681,怀仁市,怀仁,3,140600,140000,140600,山西省/朔州市/怀仁市,huai ren,h,269
140700,晋中市,晋中,2,140000,140000,140700,山西省/晋中市,jin zhong,j,270
140702,榆次区,榆次,3,140700,140000,140700,山西省/晋中市/榆次区,yu ci,y,271
140703,太谷区,太谷,3,140700,140000,140700,山西省/晋中市/太谷区,tai gu,t,272
140721,榆社县,榆社,3,140700,140000,140700,山西省/晋中市/榆社县,yu she,y,273
140722,左权县,左权,3,140700,140000,140700,山西省/晋中市/左权县,zuo quan,z,274
140723,和顺县,和顺,3,140700,140000,140700,山西省/晋中市/和顺县,he shun,h,275
140724,昔阳县,昔阳,3,140700,140000,140700,山西省/晋中市/昔阳县,xi yang,x,276
140725,寿阳县,寿阳,3,140700,140000,140700,山西省/晋中市/寿阳县,shou yang,s,277
140727,祁县,祁县,3,140700,140000,140700,山西省/晋中市/祁县,qi xian,q,278
140728,平遥县,平遥,3,140700,140000,140700,山西省/晋中市/平遥县,ping yao,p,279
140729,灵石县,灵石,3,140700,140000,140700,山西省/晋中市/灵石县,ling shi,l,280
140781,介休市,介休,3,140700,140000,140700,山西省/晋中市/介休市,jie xiu,j,281
140800,运城市,运城,2,140000,140000,140800,山西省/运城市,yun cheng,y,282
140802,盐湖区,盐湖,3,140800,140000,140800,山西省/运城市/盐湖区,yan hu,y,283
140821,临猗县,临猗,3,140800,140000,140800,山西省/运城市/临猗县,lin yi,l,284
140822,万荣县,万荣,3,140800,140000,140800,山西省/运城市/万荣县,wan rong,w,285
140823,闻喜县,闻喜,3,140800,140000,140800,山西省/运城市/闻喜县,wen xi,w,286
140824,稷山县,稷山,3,140800,140000,140800,山西省/运城市/稷山县,ji shan,j,287
140825,新绛县,新绛,3,140800,140000,140800,山西省/运城市/新绛县,xin jiang,x,288
140826,绛县,绛县,3,140800,140000,140800,山西省/运城市/绛县,jiang xian,j,289
140827,垣曲县,垣曲,3,140800,140000,140800,山西省/运城市/垣曲县,yuan qu,y,290
140828,夏县,夏县,3,140800,140000,140800,山西省/运城市/夏县,xia xian,x,291
140829,平陆县,平陆,3,140800,140000,140800,山西省/运城市/平陆县,ping lu,p,292
140830,芮城县,芮城,3,140800,140000,140800,山西省/运城市/芮城县,rui cheng,r,293
140881,永济市,永济,3,140800,140000,140800,山西省/运城市/永济市,yong ji,y,294
140882,河津市,河津,3,140800,140000,140800,山西省/运城市/河津市,he jin,h,295
140900,忻州市,忻州,2,140000,140000,140900,山西省/忻州市,xin zhou,x,296
140902,忻府区,忻府,3,140900,140000,140900,山西省/忻州市/忻府区,xin fu,x,297
140921,定襄县,定襄,3,140900,140000,140900,山西省/忻州市/定襄县,ding xiang,d,298
140922,五台县,五台,3,140900,140000,140900,山西省/忻州市/五台县,wu tai,w,299
140923,代县,代县,3,140900,140000,140900,山西省/忻州市/代县,dai xian,d,300
140924,繁峙县,繁峙,3,140900,140000,140900,山西省/忻州市/繁峙县,fan shi,f,301
140925,宁武县,宁武,3,140900,140000,140900,山西省/忻州市/宁武县,ning wu,n,302
140926,静乐县,静乐,3,140900,140000,140900,山西省/忻州市/静乐县,jing le,j,303
140927,神池县,神池,3,140900,140000,140900,山西省/忻州市/神池县,shen chi,s,304
140928,五寨县,五寨,3,140900,140000,140900,山西省/忻州市/五寨县,wu zhai,w,305
140929,岢岚县,岢岚,3,140900,140000,140900,山西省/忻州市/岢岚县,ke lan,k,306
140930,河曲县,河曲,3,140900,140000,140900,山西省/忻州市/河曲县,he qu,h,307
140931,保德县,保德,3,140900,140000,140900,山西省/忻州市/保德县,bao de,b,308
140932,偏关县,偏关,3,140900,140000,140900,山西省/忻州市/偏关县,pian guan,p,309
140981,原平市,原平,3,140900,140000,140900,山西省/忻州市/原平市,yuan ping,y,310
141000,临汾市,临汾,2,140000,140000,141000,山西省/临汾市,lin fen,l,311
141002,尧都区,尧都,3,141000,140000,141000,山西省/临汾市/尧都区,yao du,y,312
141021,曲沃县,曲沃,3,141000,140000,141000,山西省/临汾市/曲沃县,qu wo,q,313
141022,翼城县,翼城,3,141000,140000,141000,山西省/临汾市/翼城县,yi cheng,y,314
141023,襄汾县,襄汾,3,141000,140000,141000,山西省/临汾市/襄汾县,xiang fen,x,315
141024,洪洞县,洪洞,3,141000,140000,141000,山西省/临汾市/洪洞县,hong tong,h,316
141025,古县,古县,3,141000,140000,141000,山西省/临汾市/古县,gu xian,g,317
141026,安泽县,安泽,3,141000,140000,141000,山西省/临汾市/安泽县,an ze,a,318
141027,浮山县,浮山,3,141000,140000,141000,山西省/临汾市/浮山县,fu shan,f,319
141028,吉县,吉县,3,141000,140000,141000,山西省/临汾市/吉县,ji xian,j,320
141029,乡宁县,乡宁,3,141000,140000,141000,山西省/临汾市/乡宁县,xiang ning,x,321
141030,大宁县,大宁,3,141000,140000,141000,山西省/临汾市/大宁县,da ning,d,322
141031,隰县,隰县,3,141000,140000,141000,山西省/临汾市/隰县,xi xian,x,323
141032,永和县,永和,3,141000,140000,141000,山西省/临汾市/永和县,yong he,y,324
141033,蒲县,蒲县,3,141000,140000,141000,山西省/临汾市/蒲县,pu xian,p,325
141034,汾西县,汾西,3,141000,140000,141000,山西省/临汾市/汾西县,fen xi,f,326
141081,侯马市,侯马,3,141000,140000,141000,山西省/临汾市/侯马市,hou ma,h,327
141082,霍州市,霍州,3,141000,140000,141000,山西省/临汾市/霍州市,huo zhou,h,328
141100,吕梁市,吕梁,2,140000,140000,141100,山西省/吕梁市,lv liang,l,329
141102,离石区,离石,3,141100,140000,141100,山西省/吕梁市/离石区,li shi,l,330
141121,文水县,文水,3,141100,140000,141100,山西省/吕梁市/文水县,wen shui,w,331
141122,交城县,交城,3,141100,140000,141100,山西省/吕梁市/交城县,jiao cheng,j,332
141123,兴县,兴县,3,141100,140000,141100,山西省/吕梁市/兴县,xing xian,x,333
141124,临县,临县,3,141100,140000,141100,山西省/吕梁市/临县,lin xian,l,334
141125,柳林县,柳林,3,141100,140000,141100,山西省/吕梁市/柳林县,liu lin,l,335
141126,石楼县,石楼,3,141100,140000,141100,山西省/吕梁市/石楼县,shi lou,s,336
141127,岚县,岚县,3,141100,140000,141100,山西省/吕梁市/岚县,lan xian,l,337
141128,方山县,方山,3,141100,140000,141100,山西省/吕梁市/方山县,fang shan,f,338
141129,中阳县,中阳,3,141100,140000,141100,山西省/吕梁市/中阳县,zhong yang,z,339
141130,交口县,交口,3,141100,140000,141100,山西省/吕梁市/交口县,jiao kou,j,340
141181,孝义市,孝义,3,141100,140000,141100,山西省/吕梁市/孝义市,xiao yi,x,341
141182,汾阳市,汾阳,3,141100,140000,141100,山西省/吕梁市/汾阳市,fen yang,f,342
150000,内蒙古自治区,内蒙古,1,,150000,,内蒙古自治区,nei meng gu,n,343
150100,呼和浩特市,呼和浩特,2,150000,150000,150100,内蒙古自治区/呼和浩特市,hu he hao te,h,344
150102,新城区,新城,3,150100,150000,150100,内蒙古自治区/呼和浩特市/新城区,xin cheng,x,345
150103,回民区,回民,3,150100,150000,150100,内蒙古自治区/呼和浩特市/回民区,hui min,h,346
150104,玉泉区,玉泉,3,150100,150000,150100,内蒙古自治区/呼和浩特市/玉泉区,yu quan,y,347
150105,赛罕区,赛罕,3,150100,150000,150100,内蒙古自治区/呼和浩特市/赛罕区,sai han,s,348
150121,土默特左旗,土默特左旗,3,150100,150000,150100,内蒙古自治区/呼和浩特市/土默特左旗,tu mo te zuo qi,t,349
150122,托克托县,托克托,3,150100,150000,150100,内蒙古自治区/呼和浩特市/托克托县,tuo ke tuo,t,350
150123,和林格尔县,和林格尔,3,150100,150000,150100,内蒙古自治区/呼和浩特市/和林格尔县,he lin ge er,h,351
150124,清水河县,清水河,3,150100,150000,150100,内蒙古自治区/呼和浩特市/清水河县,qing shui he,q,352
150125,武川县,武川,3,150100,150000,150100,内蒙古自治区/呼和浩特市/武川县,wu chuan,w,353
150200,包头市,包头,2,150000,150000,150200,内蒙古自治区/包头市,bao tou,b,354
150202,东河区,东河,3,150200,150000,150200,内蒙古自治区/包头市/东河区,dong he,d,355
150203,昆都仑区,昆都仑,3,150200,150000,150200,内蒙古自治区/包头市/昆都仑区,kun du lun,k,356
150204,青山区,青山,3,150200,150000,150200,内蒙古自治区/包头市/青山区,qing shan,q,357
150205,石拐区,石拐,3,150200,150000,150200,内蒙古自治区/包头市/石拐区,shi guai,s,358
150206,白云鄂博矿区,白云鄂博矿区,3,150200,150000,150200,内蒙古自治区/包头市/白云鄂博矿区,bai yun e bo kuang qu,b,359
150207,九原区,九原,3,150200,150000,150200,内蒙古自治区/包头市/九原区,jiu yuan,j,360
150221,土默特右旗,土默特右旗,3,150200,150000,150200,内蒙古自治区/包头市/土默特右旗,tu mo te you qi,t,361
150222,固阳县,固阳,3,150200,150000,150200,内蒙古自治区/包头市/固阳县,gu yang,g,362
150223,达尔罕茂明安联合旗,达尔罕茂明安联合旗,3,150200,150000,150200,内蒙古自治区/包头市/达尔罕茂明安联合旗,da er han mao ming an lian he qi,d,363
150300,乌海市,乌海,2,150000,150000,150300,内蒙古自治区/乌海市,wu hai,w,364
150302,海勃湾区,海勃湾,3,150300,150000,150300,内蒙古自治区/乌海市/海勃湾区,hai bo wan,h,365
150303,海南区,海南,3,150300,150000,150300,内蒙古自治区/乌海市/海南区,hai nan,h,366
150304,乌达区,乌达,3,150300,150000,150300,内蒙古自治区/乌海市/乌达区,wu da,w,367
150400,赤峰市,赤峰,2,150000,150000,150400,内蒙古自治区/赤峰市,chi feng,c,368
150402,红山区,红山,3,150400,150000,150400,内蒙古自治区/赤峰市/红山区,hong shan,h,369
150403,元宝山区,元宝山,3,150400,150000,150400,内蒙古自治区/赤峰市/元宝山区,yuan bao shan,y,370
150404,松山区,松山,3,150400,150000,150400,内蒙古自治区/赤峰市/松山区,song shan,s,371
150421,阿鲁科尔沁旗,阿鲁科尔沁旗,3,150400,150000,150400,内蒙古自治区/赤峰市/阿鲁科尔沁旗,a lu ke er qin qi,a,372
150422,巴林左旗,巴林左旗,3,150400,150000,150400,内蒙古自治区/赤峰市/巴林左旗,ba lin zuo qi,b,373
150423,巴林右旗,巴林右旗,3,150400,150000,150400,内蒙古自治区/赤峰市/巴林右旗,ba lin you qi,b,374
150424,林西县,林西,3,150400,150000,150400,内蒙古自治区/赤峰市/林西县,lin xi,l,375
150425,克什克腾旗,克什克腾旗,3,150400,150000,150400,内蒙古自治区/赤峰市/克什克腾旗,ke shi ke teng qi,k,376
150426,翁牛特旗,翁牛特旗,3,150400,150000,150400,内蒙古自治区/赤峰市/翁牛特旗,weng niu te qi,w,377
150428,喀喇沁旗,喀喇沁旗,3,150400,150000,150400,内蒙古自治区/赤峰市/喀喇沁旗,ka la qin qi,k,378
150429,宁城县,宁城,3,150400,150000,150400,内蒙古自治区/赤峰市/宁城县,ning cheng,n,379
150430,敖汉旗,敖汉旗,3,150400,150000,150400,内蒙古自治区/赤峰市/敖汉旗,ao han qi,a,380
150500,通辽市,通辽,2,150000,150000,150500,内蒙古自治区/通辽市,tong liao,t,381
150502,科尔沁区,科尔沁,3,150500,150000,150500,内蒙古自治区/通辽市/科尔沁区,ke er qin,k,382
150521,科尔沁左翼中旗,科尔沁左翼中旗,3,150500,150000,150500,内蒙古自治区/通辽市/科尔沁左翼中旗,ke er qin zuo yi zhong qi,k,383
150522,科尔沁左翼后旗,科尔沁左翼后旗,3,150500,150000,150500,内蒙古自治区/通辽市/科尔沁左翼后旗,ke er qin zuo yi hou qi,k,384
150523,开鲁县,开鲁,3,150500,150000,150500,内蒙古自治区/通辽市/开鲁县,kai lu,k,385
150524,库伦旗,库伦旗,3,150500,150000,150500,内蒙古自治区/通辽市/库伦旗,ku lun qi,k,386
150525,奈曼旗,奈曼旗,3,150500,150000,150500,内蒙古自治区/通辽市/奈曼旗,nai man qi,n,387
150526,扎鲁特旗,扎鲁特旗,3,150500,150000,150500,内蒙古自治区/通辽市/扎鲁特旗,zha lu te qi,z,388
150581,霍林郭勒市,霍林郭勒,3,150500,150000,150500,内蒙古自治区/通辽市/霍林郭勒市,huo lin guo le,h,389
150600,鄂尔多斯市,鄂尔多斯,2,150000,150000,150600,内蒙古自治区/鄂尔多斯市,e er duo si,e,390
150602,东胜区,东胜,3,150600,150000,150600,内蒙古自治区/鄂尔多斯市/东胜区,dong sheng,d,391
150603,康巴什区,康巴什,3,150600,150000,150600,内蒙古自治区/鄂尔多斯市/康巴什区,kang ba shi,k,392
150621,达拉特旗,达拉特旗,3,150600,150000,150600,内蒙古自治区/鄂尔多斯市/达拉特旗,da la te qi,d,393
150622,准格尔旗,准格尔旗,3,150600,150000,150600,内蒙古自治区/鄂尔多斯市/准格尔旗,zhun ge er qi,z,394
150623,鄂托克前旗,鄂托克前旗,3,150600,150000,150600,内蒙古自治区/鄂尔多斯市/鄂托克前旗,e tuo ke qian qi,e,395
150624,鄂托克旗,鄂托克旗,3,150600,150000,150600,内蒙古自治区/鄂尔多斯市/鄂托克旗,e tuo ke qi,e,396
150625,杭锦旗,杭锦旗,3,150600,150000,150600,内蒙古自治区/鄂尔多斯市/杭锦旗,hang jin qi,h,397
150626,乌审旗,乌审旗,3,150600,150000,150600,内蒙古自治区/鄂尔多斯市/乌审旗,wu shen qi,w,398
150627,伊金霍洛旗,伊金霍洛旗,3,150600,150000,150600,内蒙古自治区/鄂尔多斯市/伊金霍洛旗,yi jin huo luo qi,y,399
150700,呼伦贝尔市,呼伦贝尔,2,150000,150000,150700,内蒙古自治区/呼伦贝尔市,hu lun bei er,h,400
150702,海拉尔区,海拉尔,3,150700,150000,150700,内蒙古自治区/呼伦贝尔市/海拉尔区,hai la er,h,401
150703,扎赉诺尔区,扎赉诺尔区,3,150700,150000,150700,内蒙古自治区/呼伦贝尔市/扎赉诺尔区,zha lai nuo er qu,z,402
150721,阿荣旗,阿荣旗,3,150700,150000,150700,内蒙古自治区/呼伦贝尔市/阿荣旗,a rong qi,a,403
150722,莫力达瓦达斡尔族自治旗,莫力达瓦,3,150700,150000,150700,内蒙古自治区/呼伦贝尔市/莫力达瓦达斡尔族自治旗,mo li da wa,m,404
150723,鄂伦春自治旗,鄂伦春自治旗,3,150700,150000,150700,内蒙古自治区/呼伦贝尔市/鄂伦春自治旗,e lun chun zi zhi qi,e,405
150724,鄂温克族自治旗,鄂温克族自治旗,3,150700,150000,150700,内蒙古自治区/呼伦贝尔市/鄂温克族自治旗,e wen ke zu zi zhi qi,e,406
150725,陈巴尔虎旗,陈巴尔虎旗,3,150700,150000,150700,内蒙古自治区/呼伦贝尔市/陈巴尔虎旗,chen ba er hu qi,c,407
150726,新巴尔虎左旗,新巴尔虎左旗,3,150700,150000,150700,内蒙古自治区/呼伦贝尔市/新巴尔虎左旗,xin ba er hu zuo qi,x,408
150727,新巴尔虎右旗,新巴尔虎右旗,3,150700,150000,150700,内蒙古自治区/呼伦贝尔市/新巴尔虎右旗,xin ba er hu you qi,x,409
150781,满洲里市,满洲里,3,150700,150000,150700,内蒙古自治区/呼伦贝尔市/满洲里市,man zhou li,m,410
150782,牙克石市,牙克石,3,150700,150000,150700,内蒙古自治区/呼伦贝尔市/牙克石市,ya ke shi,y,411
150783,扎兰屯市,扎兰屯,3,150700,150000,150700,内蒙古自治区/呼伦贝尔市/扎兰屯市,zha lan tun,z,412
150784,额尔古纳市,额尔古纳,3,150700,150000,150700,内蒙古自治区/呼伦贝尔市/额尔古纳市,e er gu na,e,413
150785,根河市,根河,3,150700,150000,150700,内蒙古自治区/呼伦贝尔市/根河市,gen he,g,414
150800,巴彦淖尔市,巴彦淖尔,2,150000,150000,150800,内蒙古自治区/巴彦淖尔市,ba yan nao er,b,415
150802,临河区,临河,3,150800,150000,150800,内蒙古自治区/巴彦淖尔市/临河区,lin he,l,416
150821,五原县,五原,3,150800,150000,150800,内蒙古自治区/巴彦淖尔市/五原县,wu yuan,w,417
150822,磴口县,磴口,3,150800,150000,150800,内蒙古自治区/巴彦淖尔市/磴口县,deng kou,d,418
150823,乌拉特前旗,乌拉特前旗,3,150800,150000,150800,内蒙古自治区/巴彦淖尔市/乌拉特前旗,wu la te qian qi,w,419
150824,乌拉特中旗,乌拉特中旗,3,150800,150000,150800,内蒙古自治区/巴彦淖尔市/乌拉特中旗,wu la te zhong qi,w,420
150825,乌拉特后旗,乌拉特后旗,3,150800,150000,150800,内蒙古自治区/巴彦淖尔市/乌拉特后旗,wu la te hou qi,w,421
150826,杭锦后旗,杭锦后旗,3,150800,150000,150800,内蒙古自治区/巴彦淖尔市/杭锦后旗,hang jin hou qi,h,422
150900,乌兰察布市,乌兰察布,2,150000,150000,150900,内蒙古自治区/乌兰察布市,wu lan cha bu,w,423
150902,集宁区,集宁,3,150900,150000,150900,内蒙古自治区/乌兰察布市/集宁区,ji ning,j,424
150921,卓资县,卓资,3,150900,150000,150900,内蒙古自治区/乌兰察布市/卓资县,zhuo zi,z,425
150922,化德县,化德,3,150900,150000,150900,内蒙古自治区/乌兰察布市/化德县,hua de,h,426
150923,商都县,商都,3,150900,150000,150900,内蒙古自治区/乌兰察布市/商都县,shang du,s,427
150924,兴和县,兴和,3,150900,150000,150900,内蒙古自治区/乌兰察布市/兴和县,xing he,x,428
150925,凉城县,凉城,3,150900,150000,150900,内蒙古自治区/乌兰察布市/凉城县,liang cheng,l,429
150926,察哈尔右翼前旗,察哈尔右翼前旗,3,150900,150000,150900,内蒙古自治区/乌兰察布市/察哈尔右翼前旗,cha ha er you yi qian qi,c,430
150927,察哈尔右翼中旗,察哈尔右翼中旗,3,150900,150000,150900,内蒙古自治区/乌兰察布市/察哈尔右翼中旗,cha ha er you yi zhong qi,c,431
150928,察哈尔右翼后旗,察哈尔右翼后旗,3,150900,150000,150900,内蒙古自治区/乌兰察布市/察哈尔右翼后旗,cha ha er you yi hou qi,c,432
150929,四子王旗,四子王旗,3,150900,150000,150900,内蒙古自治区/乌兰察布市/四子王旗,si zi wang qi,s,433
150981,丰镇市,丰镇,3,150900,150000,150900,内蒙古自治区/乌兰察布市/丰镇市,feng zhen,f,434
152200,兴安盟,兴安,2,150000,150000,152200,内蒙古自治区/兴安盟,xing an,x,435
152201,乌兰浩特市,乌兰浩特,3,152200,150000,152200,内蒙古自治区/兴安盟/乌兰浩特市,wu lan hao te,w,436
152202,阿尔山市,阿尔山,3,152200,150000,152200,内蒙古自治区/兴安盟/阿尔山市,a er shan,a,437
152221,科尔沁右翼前旗,科尔沁右翼前旗,3,152200,150000,152200,内蒙古自治区/兴安盟/科尔沁右翼前旗,ke er qin you yi qian qi,k,438
152222,科尔沁右翼中旗,科尔沁右翼中旗,3,152200,150000,152200,内蒙古自治区/兴安盟/科尔沁右翼中旗,ke er qin you yi zhong qi,k,439
152223,扎赉特旗,扎赉特旗,3,152200,150000,152200,内蒙古自治区/兴安盟/扎赉特旗,zha lai te qi,z,440
152224,突泉县,突泉,3,152200,150000,152200,内蒙古自治区/兴安盟/突泉县,tu quan,t,441
152500,锡林郭勒盟,锡林郭勒,2,150000,150000,152500,内蒙古自治区/锡林郭勒盟,xi lin guo le,x,442
152501,二连浩特市,二连浩特,3,152500,150000,152500,内蒙古自治区/锡林郭勒盟/二连浩特市,er lian hao te,e,443
152502,锡林浩特市,锡林浩特,3,152500,150000,152500,内蒙古自治区/锡林郭勒盟/锡林浩特市,xi lin hao te,x,444
152522,阿巴嘎旗,阿巴嘎旗,3,152500,150000,152500,内蒙古自治区/锡林郭勒盟/阿巴嘎旗,a ba ga qi,a,445
152523,苏尼特左旗,苏尼特左旗,3,152500,150000,152500,内蒙古自治区/锡林郭勒盟/苏尼特左旗,su ni te zuo qi,s,446
152524,苏尼特右旗,苏尼特右旗,3,152500,150000,152500,内蒙古自治区/锡林郭勒盟/苏尼特右旗,su ni te you qi,s,447
152525,东乌珠穆沁旗,东乌珠穆沁旗,3,152500,150000,152500,内蒙古自治区/锡林郭勒盟/东乌珠穆沁旗,dong wu zhu mu qin qi,d,448
152526,西乌珠穆沁旗,西乌珠穆沁旗,3,152500,150000,152500,内蒙古自治区/锡林郭勒盟/西乌珠穆沁旗,xi wu zhu mu qin qi,x,449
152527,太仆寺旗,太仆寺旗,3,152500,150000,152500,内蒙古自治区/锡林郭勒盟/太仆寺旗,tai pu si qi,t,450
152528,镶黄旗,镶黄旗,3,152500,150000,152500,内蒙古自治区/锡林郭勒盟/镶黄旗,xiang huang qi,x,451
152529,正镶白旗,正镶白旗,3,152500,150000,152500,内蒙古自治区/锡林郭勒盟/正镶白旗,zheng xiang bai qi,z,452
152530,正蓝旗,正蓝旗,3,152500,150000,152500,内蒙古自治区/锡林郭勒盟/正蓝旗,zheng lan qi,z,453
152531,多伦县,多伦,3,152500,150000,152500,内蒙古自治区/锡林郭勒盟/多伦县,duo lun,d,454
152900,阿拉善盟,阿拉善,2,150000,150000,152900,内蒙古自治区/阿拉善盟,a la shan,a,455
152921,阿拉善左旗,阿拉善左旗,3,152900,150000,152900,内蒙古自治区/阿拉善盟/阿拉善左旗,a la shan zuo qi,a,456
152922,阿拉善右旗,阿拉善右旗,3,152900,150000,152900,内蒙古自治区/阿拉善盟/阿拉善右旗,a la shan you qi,a,457
152923,额济纳旗,额济纳旗,3,152900,150000,152900,内蒙古自治区/阿拉善盟/额济纳旗,e ji na qi,e,458
210000,辽宁省,辽宁,1,,210000,,辽宁省,liao ning,l,459
210100,沈阳市,沈阳,2,210000,210000,210100,辽宁省/沈阳市,shen yang,s,460
210102,和平区,和平,3,210100,210000,210100,辽宁省/沈阳市/和平区,he ping,h,461
210103,沈河区,沈河,3,210100,210000,210100,辽宁省/沈阳市/沈河区,shen he,s,462
210104,大东区,大东,3,210100,210000,210100,辽宁省/沈阳市/大东区,da dong,d,463
210105,皇姑区,皇姑,3,210100,210000,210100,辽宁省/沈阳市/皇姑区,huang gu,h,464
210106,铁西区,铁西,3,210100,210000,210100,辽宁省/沈阳市/铁西区,tie xi,t,465
210111,苏家屯区,苏家屯,3,210100,210000,210100,辽宁省/沈阳市/苏家屯区,su jia tun,s,466
210112,浑南区,浑南,3,210100,210000,210100,辽宁省/沈阳市/浑南区,hun nan,h,467
210113,沈北新区,沈北新区,3,210100,210000,210100,辽宁省/沈阳市/沈北新区,shen bei xin qu,s,468
210114,于洪区,于洪,3,210100,210000,210100,辽宁省/沈阳市/于洪区,yu hong,y,469
210115,辽中区,辽中,3,210100,210000,210100,辽宁省/沈阳市/辽中区,liao zhong,l,470
210123,康平县,康平,3,210100,210000,210100,辽宁省/沈阳市/康平县,kang ping,k,471
210124,法库县,法库,3,210100,210000,210100,辽宁省/沈阳市/法库县,fa ku,f,472
210181,新民市,新民,3,210100,210000,210100,辽宁省/沈阳市/新民市,xin min,x,473
210200,大连市,大连,2,210000,210000,210200,辽宁省/大连市,da lian,d,474
210202,中山区,中山,3,210200,210000,210200,辽宁省/大连市/中山区,zhong shan,z,475
210203,西岗区,西岗,3,210200,210000,210200,辽宁省/大连市/西岗区,xi gang,x,476
210204,沙河口区,沙河口,3,210200,210000,210200,辽宁省/大连市/沙河口区,sha he kou,s,477
210211,甘井子区,甘井子,3,210200,210000,210200,辽宁省/大连市/甘井子区,gan jing zi,g,478
210212,旅顺口区,旅顺口,3,210200,210000,210200,辽宁省/大连市/旅顺口区,lv shun kou,l,479
210213,金州区,金州,3,210200,210000,210200,辽宁省/大连市/金州区,jin zhou,j,480
210214,普兰店区,普兰店,3,210200,210000,210200,辽宁省/大连市/普兰店区,pu lan dian,p,481
210224,长海县,长海,3,210200,210000,210200,辽宁省/大连市/长海县,chang hai,c,482
210281,瓦房店市,瓦房店,3,210200,210000,210200,辽宁省/大连市/瓦房店市,wa fang dian,w,483
210283,庄河市,庄河,3,210200,210000,210200,辽宁省/大连市/庄河市,zhuang he,z,484
210300,鞍山市,鞍山,2,210000,210000,210300,辽宁省/鞍山市,an shan,a,485
210302,铁东区,铁东,3,210300,210000,210300,辽宁省/鞍山市/铁东区,tie dong,t,486
210303,铁西区,铁西,3,210300,210000,210300,辽宁省/鞍山市/铁西区,tie xi,t,487
210304,立山区,立山,3,210300,210000,210300,辽宁省/鞍山市/立山区,li shan,l,488
210311,千山区,千山,3,210300,210000,210300,辽宁省/鞍山市/千山区,qian shan,q,489
210321,台安县,台安,3,210300,210000,210300,辽宁省/鞍山市/台安县,tai an,t,490
210323,岫岩满族自治县,岫岩,3,210300,210000,210300,辽宁省/鞍山市/岫岩满族自治县,xiu yan,x,491
210381,海城市,海城,3,210300,210000,210300,辽宁省/鞍山市/海城市,hai cheng,h,492
210400,抚顺市,抚顺,2,210000,210000,210400,辽宁省/抚顺市,fu shun,f,493
210402,新抚区,新抚,3,210400,210000,210400,辽宁省/抚顺市/新抚区,xin fu,x,494
210403,东洲区,东洲,3,210400,210000,210400,辽宁省/抚顺市/东洲区,dong zhou,d,495
210404,望花区,望花,3,210400,210000,210400,辽宁省/抚顺市/望花区,wang hua,w,496
210411,顺城区,顺城,3,210400,210000,210400,辽宁省/抚顺市/顺城区,shun cheng,s,497
210421,抚顺县,抚顺县,3,210400,210000,210400,辽宁省/抚顺市/抚顺县,fu shun xian,f,498
210422,新宾满族自治县,新宾,3,210400,210000,210400,辽宁省/抚顺市/新宾满族自治县,xin bin,x,499
210423,清原满族自治县,清原,3,210400,210000,210400,辽宁省/抚顺市/清原满族自治县,qing yuan,q,500
210500,本溪市,本溪,2,210000,210000,210500,辽宁省/本溪市,ben xi,b,501
210502,平山区,平山,3,210500,210000,210500,辽宁省/本溪市/平山区,ping shan,p,502
210503,溪湖区,溪湖,3,210500,210000,210500,辽宁省/本溪市/溪湖区,xi hu,x,503
210504,明山区,明山,3,210500,210000,210500,辽宁省/本溪市/明山区,ming shan,m,504
210505,南芬区,南芬,3,210500,210000,210500,辽宁省/本溪市/南芬区,nan fen,n,505
210521,本溪满族自治县,本溪满族自治县,3,210500,210000,210500,辽宁省/本溪市/本溪满族自治县,ben xi man zu zi zhi xian,b,506
210522,桓仁满族自治县,桓仁,3,210500,210000,210500,辽宁省/本溪市/桓仁满族自治县,huan ren,h,507
210600,丹东市,丹东,2,210000,210000,210600,辽宁省/丹东市,dan dong,d,508
210602,元宝区,元宝,3,210600,210000,210600,辽宁省/丹东市/元宝区,yuan bao,y,509
210603,振兴区,振兴,3,210600,210000,210600,辽宁省/丹东市/振兴区,zhen xing,z,510
210604,振安区,振安,3,210600,210000,210600,辽宁省/丹东市/振安区,zhen an,z,511
210624,宽甸满族自治县,宽甸,3,210600,210000,210600,辽宁省/丹东市/宽甸满族自治县,kuan dian,k,512
210681,东港市,东港,3,210600,210000,210600,辽宁省/丹东市/东港市,dong gang,d,513
210682,凤城市,凤城,3,210600,210000,210600,辽宁省/丹东市/凤城市,feng cheng,f,514
210700,锦州市,锦州,2,210000,210000,210700,辽宁省/锦州市,jin zhou,j,515
210702,古塔区,古塔,3,210700,210000,210700,辽宁省/锦州市/古塔区,gu ta,g,516
210703,凌河区,凌河,3,210700,210000,210700,辽宁省/锦州市/凌河区,ling he,l,517
210711,太和区,太和,3,210700,210000,210700,辽宁省/锦州市/太和区,tai he,t,518
210726,黑山县,黑山,3,210700,210000,210700,辽宁省/锦州市/黑山县,hei shan,h,519
210727,义县,义县,3,210700,210000,210700,辽宁省/锦州市/义县,yi xian,y,520
210781,凌海市,凌海,3,210700,210000,210700,辽宁省/锦州市/凌海市,ling hai,l,521
210782,北镇市,北镇,3,210700,210000,210700,辽宁省/锦州市/北镇市,bei zhen,b,522
210800,营口市,营口,2,210000,210000,210800,辽宁省/营口市,ying kou,y,523
210802,站前区,站前,3,210800,210000,210800,辽宁省/营口市/站前区,zhan qian,z,524
210803,西市区,西市,3,210800,210000,210800,辽宁省/营口市/西市区,xi shi,x,525
210804,鲅鱼圈区,鲅鱼圈,3,210800,210000,210800,辽宁省/营口市/鲅鱼圈区,ba yu quan,b,526
210811,老边区,老边,3,210800,210000,210800,辽宁省/营口市/老边区,lao bian,l,527
210881,盖州市,盖州,3,210800,210000,210800,辽宁省/营口市/盖州市,gai zhou,g,528
210882,大石桥市,大石桥,3,210800,210000,210800,辽宁省/营口市/大石桥市,da shi qiao,d,529
210900,阜新市,阜新,2,210000,210000,210900,辽宁省/阜新市,fu xin,f,530
210902,海州区,海州,3,210900,210000,210900,辽宁省/阜新市/海州区,hai zhou,h,531
210903,新邱区,新邱,3,210900,210000,210900,辽宁省/阜新市/新邱区,xin qiu,x,532
210904,太平区,太平,3,210900,210000,210900,辽宁省/阜新市/太平区,tai ping,t,533
210905,清河门区,清河门,3,210900,210000,210900,辽宁省/阜新市/清河门区,qing he men,q,534
210911,细河区,细河,3,210900,210000,210900,辽宁省/阜新市/细河区,xi he,x,535
210921,阜新蒙古族自治县,阜新蒙古族自治县,3,210900,210000,210900,辽宁省/阜新市/阜新蒙古族自治县,fu xin meng gu zu zi zhi xian,f,536
210922,彰武县,彰武,3,210900,210000,210900,辽宁省/阜新市/彰武县,zhang wu,z,537
211000,辽阳市,辽阳,2,210000,210000,211000,辽宁省/辽阳市,liao yang,l,538
211002,白塔区,白塔,3,211000,210000,211000,辽宁省/辽阳市/白塔区,bai ta,b,539
211003,文圣区,文圣,3,211000,210000,211000,辽宁省/辽阳市/文圣区,wen sheng,w,540
211004,宏伟区,宏伟,3,211000,210000,211000,辽宁省/辽阳市/宏伟区,hong wei,h,541
211005,弓长岭区,弓长岭,3,211000,210000,211000,辽宁省/辽阳市/弓长岭区,gong chang ling,g,542
211011,太子河区,太子河,3,211000,210000,211000,辽宁省/辽阳市/太子河区,tai zi he,t,543
211021,辽阳县,辽阳县,3,211000,210000,211000,辽宁省/辽阳市/辽阳县,liao yang xian,l,544
211081,灯塔市,灯塔,3,211000,210000,211000,辽宁省/辽阳市/灯塔市,deng ta,d,545
211100,盘锦市,盘锦,2,210000,210000,211100,辽宁省/盘锦市,pan jin,p,546
211102,双台子区,双台子,3,211100,210000,211100,辽宁省/盘锦市/双台子区,shuang tai zi,s,547
211103,兴隆台区,兴隆台,3,211100,210000,211100,辽宁省/盘锦市/兴隆台区,xing long tai,x,548
211104,大洼区,大洼,3,211100,210000,211100,辽宁省/盘锦市/大洼区,da wa,d,549
211122,盘山县,盘山,3,211100,210000,211100,辽宁省/盘锦市/盘山县,pan shan,p,550
211200,铁岭市,铁岭,2,210000,210000,211200,辽宁省/铁岭市,tie ling,t,551
211202,银州区,银州,3,211200,210000,211200,辽宁省/铁岭市/银州区,yin zhou,y,552
211204,清河区,清河,3,211200,210000,211200,辽宁省/铁岭市/清河区,qing he,q,553
211221,铁岭县,铁岭县,3,211200,210000,211200,辽宁省/铁岭市/铁岭县,tie ling xian,t,554
211223,西丰县,西丰,3,211200,210000,211200,辽宁省/铁岭市/西丰县,xi feng,x,555
211224,昌图县,昌图,3,211200,210000,211200,辽宁省/铁岭市/昌图县,chang tu,c,556
211281,调兵山市,调兵山,3,211200,210000,211200,辽宁省/铁岭市/调兵山市,diao bing shan,d,557
211282,开原市,开原,3,211200,210000,211200,辽宁省/铁岭市/开原市,kai yuan,k,558
211300,朝阳市,朝阳,2,210000,210000,211300,辽宁省/朝阳市,chao yang,c,559
211302,双塔区,双塔,3,211300,210000,211300,辽宁省/朝阳市/双塔区,shuang ta,s,560
211303,龙城区,龙城,3,211300,210000,211300,辽宁省/朝阳市/龙城区,long cheng,l,561
211321,朝阳县,朝阳县,3,211300,210000,211300,辽宁省/朝阳市/朝阳县,chao yang xian,c,562
211322,建平县,建平,3,211300,210000,211300,辽宁省/朝阳市/建平县,jian ping,j,563
211324,喀喇沁左翼蒙古族自治县,喀喇沁左翼,3,211300,210000,211300,辽宁省/朝阳市/喀喇沁左翼蒙古族自治县,ka la qin zuo yi,k,564
211381,北票市,北票,3,211300,210000,211300,辽宁省/朝阳市/北票市,bei piao,b,565
211382,凌源市,凌源,3,211300,210000,211300,辽宁省/朝阳市/凌源市,ling yuan,l,566
211400,葫芦岛市,葫芦岛,2,210000,210000,211400,辽宁省/葫芦岛市,hu lu dao,h,567
211402,连山区,连山,3,211400,210000,211400,辽宁省/葫芦岛市/连山区,lian shan,l,568
211403,龙港区,龙港,3,211400,210000,211400,辽宁省/葫芦岛市/龙港区,long gang,l,569
211404,南票区,南票,3,211400,210000,211400,辽宁省/葫芦岛市/南票区,nan piao,n,570
211421,绥中县,绥中,3,211400,210000,211400,辽宁省/葫芦岛市/绥中县,sui zhong,s,571
211422,建昌县,建昌,3,211400,210000,211400,辽宁省/葫芦岛市/建昌县,jian chang,j,572
211481,兴城市,兴城,3,211400,210000,211400,辽宁省/葫芦岛市/兴城市,xing cheng,x,573
220000,吉林省,吉林,1,,220000,,吉林省,ji lin,j,574
220100,长春市,长春,2,220000,220000,220100,吉林省/长春市,chang chun,c,575
220102,南关区,南关,3,220100,220000,220100,吉林省/长春市/南关区,nan guan,n,576
220103,宽城区,宽城,3,220100,220000,220100,吉林省/长春市/宽城区,kuan cheng,k,577
220104,朝阳区,朝阳,3,220100,220000,220100,吉林省/长春市/朝阳区,chao yang,c,578
220105,二道区,二道,3,220100,220000,220100,吉林省/长春市/二道区,er dao,e,579
220106,绿园区,绿园,3,220100,220000,220100,吉林省/长春市/绿园区,lv yuan,l,580
220112,双阳区,双阳,3,220100,220000,220100,吉林省/长春市/双阳区,shuang yang,s,581
220113,九台区,九台,3,220100,220000,220100,吉林省/长春市/九台区,jiu tai,j,582
220122,农安县,农安,3,220100,220000,220100,吉林省/长春市/农安县,nong an,n,583
220182,榆树市,榆树,3,220100,220000,220100,吉林省/长春市/榆树市,yu shu,y,584
220183,德惠市,德惠,3,220100,220000,220100,吉林省/长春市/德惠市,de hui,d,585
220184,公主岭市,公主岭,3,220100,220000,220100,吉林省/长春市/公主岭市,gong zhu ling,g,586
220200,吉林市,吉林市,2,220000,220000,220200,吉林省/吉林市,ji lin shi,j,587
220202,昌邑区,昌邑,3,220200,220000,220200,吉林省/吉林市/昌邑区,chang yi,c,588
220203,龙潭区,龙潭,3,220200,220000,220200,吉林省/吉林市/龙潭区,long tan,l,589
220204,船营区,船营,3,220200,220000,220200,吉林省/吉林市/船营区,chuan ying,c,590
220211,丰满区,丰满,3,220200,220000,220200,吉林省/吉林市/丰满区,feng man,f,591
220221,永吉县,永吉,3,220200,220000,220200,吉林省/吉林市/永吉县,yong ji,y,592
220281,蛟河市,蛟河,3,220200,220000,220200,吉林省/吉林市/蛟河市,jiao he,j,593
220282,桦甸市,桦甸,3,220200,220000,220200,吉林省/吉林市/桦甸市,hua dian,h,594
220283,舒兰市,舒兰,3,220200,220000,220200,吉林省/吉林市/舒兰市,shu lan,s,595
220284,磐石市,磐石,3,220200,220000,220200,吉林省/吉林市/磐石市,pan shi,p,596
220300,四平市,四平,2,220000,220000,220300,吉林省/四平市,si ping,s,597
220302,铁西区,铁西,3,220300,220000,220300,吉林省/四平市/铁西区,tie xi,t,598
220303,铁东区,铁东,3,220300,220000,220300,吉林省/四平市/铁东区,tie dong,t,599
220322,梨树县,梨树,3,220300,220000,220300,吉林省/四平市/梨树县,li shu,l,600
220323,伊通满族自治县,伊通,3,220300,220000,220300,吉林省/四平市/伊通满族自治县,yi tong,y,601
220382,双辽市,双辽,3,220300,220000,220300,吉林省/四平市/双辽市,shuang liao,s,602
220400,辽源市,辽源,2,220000,220000,220400,吉林省/辽源市,liao yuan,l,603
220402,龙山区,龙山,3,220400,220000,220400,吉林省/辽源市/龙山区,long shan,l,604
220403,西安区,西安,3,220400,220000,220400,吉林省/辽源市/西安区,xi an,x,605
220421,东丰县,东丰,3,220400,220000,220400,吉林省/辽源市/东丰县,dong feng,d,606
220422,东辽县,东辽,3,220400,220000,220400,吉林省/辽源市/东辽县,dong liao,d,607
220500,通化市,通化,2,220000,220000,220500,吉林省/通化市,tong hua,t,608
220502,东昌区,东昌,3,220500,220000,220500,吉林省/通化市/东昌区,dong chang,d,609
220503,二道江区,二道江,3,220500,220000,220500,吉林省/通化市/二道江区,er dao jiang,e,610
220521,通化县,通化县,3,220500,220000,220500,吉林省/通化市/通化县,tong hua xian,t,611
220523,辉南县,辉南,3,220500,220000,220500,吉林省/通化市/辉南县,hui nan,h,612
220524,柳河县,柳河,3,220500,220000,220500,吉林省/通化市/柳河县,liu he,l,613
220581,梅河口市,梅河口,3,220500,220000,220500,吉林省/通化市/梅河口市,mei he kou,m,614
220582,集安市,集安,3,220500,220000,220500,吉林省/通化市/集安市,ji an,j,615
220600,白山市,白山,2,220000,220000,220600,吉林省/白山市,bai shan,b,616
220602,浑江区,浑江,3,220600,220000,220600,吉林省/白山市/浑江区,hun jiang,h,617
220605,江源区,江源,3,220600,220000,220600,吉林省/白山市/江源区,jiang yuan,j,618
220621,抚松县,抚松,3,220600,220000,220600,吉林省/白山市/抚松县,fu song,f,619
220622,靖宇县,靖宇,3,220600,220000,220600,吉林省/白山市/靖宇县,jing yu,j,620
220623,长白朝鲜族自治县,长白,3,220600,220000,220600,吉林省/白山市/长白朝鲜族自治县,chang bai,c,621
220681,临江市,临江,3,220600,220000,220600,吉林省/白山市/临江市,lin jiang,l,622
220700,松原市,松原,2,220000,220000,220700,吉林省/松原市,song yuan,s,623
220702,宁江区,宁江,3,220700,220000,220700,吉林省/松原市/宁江区,ning jiang,n,624
220721,前郭尔罗斯蒙古族自治县,前郭尔罗斯,3,220700,220000,220700,吉林省/松原市/前郭尔罗斯蒙古族自治县,qian guo er luo si,q,625
220722,长岭县,长岭,3,220700,220000,220700,吉林省/松原市/长岭县,chang ling,c,626
220723,乾安县,乾安,3,220700,220000,220700,吉林省/松原市/乾安县,qian an,q,627
220781,扶余市,扶余,3,220700,220000,220700,吉林省/松原市/扶余市,fu yu,f,628
220800,白城市,白城,2,220000,220000,220800,吉林省/白城市,bai cheng,b,629
220802,洮北区,洮北,3,220800,220000,220800,吉林省/白城市/洮北区,tao bei,t,630
220821,镇赉县,镇赉,3,220800,220000,220800,吉林省/白城市/镇赉县,zhen lai,z,631
220822,通榆县,通榆,3,220800,220000,220800,吉林省/白城市/通榆县,tong yu,t,632
220881,洮南市,洮南,3,220800,220000,220800,吉林省/白城市/洮南市,tao nan,t,633
220882,大安市,大安,3,220800,220000,220800,吉林省/白城市/大安市,da an,d,634
222400,延边朝鲜族自治州,延边,2,220000,220000,222400,吉林省/延边朝鲜族自治州,yan bian,y,635
222401,延吉市,延吉,3,222400,220000,222400,吉林省/延边朝鲜族自治州/延吉市,yan ji,y,636
222402,图们市,图们,3,222400,220000,222400,吉林省/延边朝鲜族自治州/图们市,tu men,t,637
222403,敦化市,敦化,3,222400,220000,222400,吉林省/延边朝鲜族自治州/敦化市,dun hua,d,638
222404,珲春市,珲春,3,222400,220000,222400,吉林省/延边朝鲜族自治州/珲春市,hun chun,h,639
222405,龙井市,龙井,3,222400,220000,222400,吉林省/延边朝鲜族自治州/龙井市,long jing,l,640
222406,和龙市,和龙,3,222400,220000,222400,吉林省/延边朝鲜族自治州/和龙市,he long,h,641
222424,汪清县,汪清,3,222400,220000,222400,吉林省/延边朝鲜族自治州/汪清县,wang qing,w,642
222426,安图县,安图,3,222400,220000,222400,吉林省/延边朝鲜族自治州/安图县,an tu,a,643
230000,黑龙江省,黑龙江,1,,230000,,黑龙江省,hei long jiang,h,644
230100,哈尔滨市,哈尔滨,2,230000,230000,230100,黑龙江省/哈尔滨市,ha er bin,h,645
230102,道里区,道里,3,230100,230000,230100,黑龙江省/哈尔滨市/道里区,dao li,d,646
230103,南岗区,南岗,3,230100,230000,230100,黑龙江省/哈尔滨市/南岗区,nan gang,n,647
230104,道外区,道外,3,230100,230000,230100,黑龙江省/哈尔滨市/道外区,dao wai,d,648
230108,平房区,平房,3,230100,230000,230100,黑龙江省/哈尔滨市/平房区,ping fang,p,649
230109,松北区,松北,3,230100,230000,230100,黑龙江省/哈尔滨市/松北区,song bei,s,650
230110,香坊区,香坊,3,230100,230000,230100,黑龙江省/哈尔滨市/香坊区,xiang fang,x,651
230111,呼兰区,呼兰,3,230100,230000,230100,黑龙江省/哈尔滨市/呼兰区,hu lan,h,652
230112,阿城区,阿城,3,230100,230000,230100,黑龙江省/哈尔滨市/阿城区,a cheng,a,653
230113,双城区,双城,3,230100,230000,230100,黑龙江省/哈尔滨市/双城区,shuang cheng,s,654
230123,依兰县,依兰,3,230100,230000,230100,黑龙江省/哈尔滨市/依兰县,yi lan,y,655
230124,方正县,方正,3,230100,230000,230100,黑龙江省/哈尔滨市/方正县,fang zheng,f,656
230125,宾县,宾县,3,230100,230000,230100,黑龙江省/哈尔滨市/宾县,bin xian,b,657
230126,巴彦县,巴彦,3,230100,230000,230100,黑龙江省/哈尔滨市/巴彦县,ba yan,b,658
230127,木兰县,木兰,3,230100,230000,230100,黑龙江省/哈尔滨市/木兰县,mu lan,m,659
230128,通河县,通河,3,230100,230000,230100,黑龙江省/哈尔滨市/通河县,tong he,t,660
230129,延寿县,延寿,3,230100,230000,230100,黑龙江省/哈尔滨市/延寿县,yan shou,y,661
230183,尚志市,尚志,3,230100,230000,230100,黑龙江省/哈尔滨市/尚志市,shang zhi,s,662
230184,五常市,五常,3,230100,230000,230100,黑龙江省/哈尔滨市/五常市,wu chang,w,663
230200,齐齐哈尔市,齐齐哈尔,2,230000,230000,230200,黑龙江省/齐齐哈尔市,qi qi ha er,q,664
230202,龙沙区,龙沙,3,230200,230000,230200,黑龙江省/齐齐哈尔市/龙沙区,long sha,l,665
230203,建华区,建华,3,230200,230000,230200,黑龙江省/齐齐哈尔市/建华区,jian hua,j,666
230204,铁锋区,铁锋,3,230200,230000,230200,黑龙江省/齐齐哈尔市/铁锋区,tie feng,t,667
230205,昂昂溪区,昂昂溪,3,230200,230000,230200,黑龙江省/齐齐哈尔市/昂昂溪区,ang ang xi,a,668
230206,富拉尔基区,富拉尔基区,3,230200,230000,230200,黑龙江省/齐齐哈尔市/富拉尔基区,fu la er ji qu,f,669
230207,碾子山区,碾子山,3,230200,230000,230200,黑龙江省/齐齐哈尔市/碾子山区,nian zi shan,n,670
230208,梅里斯达斡尔族区,梅里斯,3,230200,230000,230200,黑龙江省/齐齐哈尔市/梅里斯达斡尔族区,mei li si,m,671
230221,龙江县,龙江,3,230200,230000,230200,黑龙江省/齐齐哈尔市/龙江县,long jiang,l,672
230223,依安县,依安,3,230200,230000,230200,黑龙江省/齐齐哈尔市/依安县,yi an,y,673
230224,泰来县,泰来,3,230200,230000,230200,黑龙江省/齐齐哈尔市/泰来县,tai lai,t,674
230225,甘南县,甘南,3,230200,230000,230200,黑龙江省/齐齐哈尔市/甘南县,gan nan,g,675
230227,富裕县,富裕,3,230200,230000,230200,黑龙江省/齐齐哈尔市/富裕县,fu yu,f,676
230229,克山县,克山,3,230200,230000,230200,黑龙江省/齐齐哈尔市/克山县,ke shan,k,677
230230,克东县,克东,3,230200,230000,230200,黑龙江省/齐齐哈尔市/克东县,ke dong,k,678
230231,拜泉县,拜泉,3,230200,230000,230200,黑龙江省/齐齐哈尔市/拜泉县,bai quan,b,679
230281,讷河市,讷河,3,230200,230000,230200,黑龙江省/齐齐哈尔市/讷河市,ne he,n,680
230300,鸡西市,鸡西,2,230000,230000,230300,黑龙江省/鸡西市,ji xi,j,681
230302,鸡冠区,鸡冠,3,230300,230000,230300,黑龙江省/鸡西市/鸡冠区,ji guan,j,682
230303,恒山区,恒山,3,230300,230000,230300,黑龙江省/鸡西市/恒山区,heng shan,h,683
230304,滴道区,滴道,3,230300,230000,230300,黑龙江省/鸡西市/滴道区,di dao,d,684
230305,梨树区,梨树,3,230300,230000,230300,黑龙江省/鸡西市/梨树区,li shu,l,685
230306,城子河区,城子河,3,230300,230000,230300,黑龙江省/鸡西市/城子河区,cheng zi he,c,686
230307,麻山区,麻山,3,230300,230000,230300,黑龙江省/鸡西市/麻山区,ma shan,m,687
230321,鸡东县,鸡东,3,230300,230000,230300,黑龙江省/鸡西市/鸡东县,ji dong,j,688
230381,虎林市,虎林,3,230300,230000,230300,黑龙江省/鸡西市/虎林市,hu lin,h,689
230382,密山市,密山,3,230300,230000,230300,黑龙江省/鸡西市/密山市,mi shan,m,690
230400,鹤岗市,鹤岗,2,230000,230000,230400,黑龙江省/鹤岗市,he gang,h,691
230402,向阳区,向阳,3,230400,230000,230400,黑龙江省/鹤岗市/向阳区,xiang yang,x,692
230403,工农区,工农,3,230400,230000,230400,黑龙江省/鹤岗市/工农区,gong nong,g,693
230404,南山区,南山,3,230400,230000,230400,黑龙江省/鹤岗市/南山区,nan shan,n,694
230405,兴安区,兴安,3,230400,230000,230400,黑龙江省/鹤岗市/兴安区,xing an,x,695
230406,东山区,东山,3,230400,230000,230400,黑龙江省/鹤岗市/东山区,dong shan,d,696
230407,兴山区,兴山,3,230400,230000,230400,黑龙江省/鹤岗市/兴山区,xing shan,x,697
230421,萝北县,萝北,3,230400,230000,230400,黑龙江省/鹤岗市/萝北县,luo bei,l,698
230422,绥滨县,绥滨,3,230400,230000,230400,黑龙江省/鹤岗市/绥滨县,sui bin,s,699
230500,双鸭山市,双鸭山,2,230000,230000,230500,黑龙江省/双鸭山市,shuang ya shan,s,700
230502,尖山区,尖山,3,230500,230000,230500,黑龙江省/双鸭山市/尖山区,jian shan,j,701
230503,岭东区,岭东,3,230500,230000,230500,黑龙江省/双鸭山市/岭东区,ling dong,l,702
230505,四方台区,四方台,3,230500,230000,230500,黑龙江省/双鸭山市/四方台区,si fang tai,s,703
230506,宝山区,宝山,3,230500,230000,230500,黑龙江省/双鸭山市/宝山区,bao shan,b,704
230521,集贤县,集贤,3,230500,230000,230500,黑龙江省/双鸭山市/集贤县,ji xian,j,705
230522,友谊县,友谊,3,230500,230000,230500,黑龙江省/双鸭山市/友谊县,you yi,y,706
230523,宝清县,宝清,3,230500,230000,230500,黑龙江省/双鸭山市/宝清县,bao qing,b,707
230524,饶河县,饶河,3,230500,230000,230500,黑龙江省/双鸭山市/饶河县,rao he,r,708
230600,大庆市,大庆,2,230000,230000,230600,黑龙江省/大庆市,da qing,d,709
230602,萨尔图区,萨尔图,3,230600,230000,230600,黑龙江省/大庆市/萨尔图区,sa er tu,s,710
230603,龙凤区,龙凤,3,230600,230000,230600,黑龙江省/大庆市/龙凤区,long feng,l,711
230604,让胡路区,让胡路,3,230600,230000,230600,黑龙江省/大庆市/让胡路区,rang hu lu,r,712
230605,红岗区,红岗,3,230600,230000,230600,黑龙江省/大庆市/红岗区,hong gang,h,713
230606,大同区,大同,3,230600,230000,230600,黑龙江省/大庆市/大同区,da tong,d,714
230621,肇州县,肇州,3,230600,230000,230600,黑龙江省/大庆市/肇州县,zhao zhou,z,715
230622,肇源县,肇源,3,230600,230000,230600,黑龙江省/大庆市/肇源县,zhao yuan,z,716
230623,林甸县,林甸,3,230600,230000,230600,黑龙江省/大庆市/林甸县,lin dian,l,717
230624,杜尔伯特蒙古族自治县,杜尔伯特,3,230600,230000,230600,黑龙江省/大庆市/杜尔伯特蒙古族自治县,du er bo te,d,718
230700,伊春市,伊春,2,230000,230000,230700,黑龙江省/伊春市,yi chun,y,719
230717,伊美区,伊美,3,230700,230000,230700,黑龙江省/伊春市/伊美区,yi mei,y,720
230718,乌翠区,乌翠,3,230700,230000,230700,黑龙江省/伊春市/乌翠区,wu cui,w,721
230719,友好区,友好,3,230700,230000,230700,黑龙江省/伊春市/友好区,you hao,y,722
230722,嘉荫县,嘉荫,3,230700,230000,230700,黑龙江省/伊春市/嘉荫县,jia yin,j,723
230723,汤旺县,汤旺,3,230700,230000,230700,黑龙江省/伊春市/汤旺县,tang wang,t,724
230724,丰林县,丰林,3,230700,230000,230700,黑龙江省/伊春市/丰林县,feng lin,f,725
230725,大箐山县,大箐山,3,230700,230000,230700,黑龙江省/伊春市/大箐山县,da qing shan,d,726
230726,南岔县,南岔,3,230700,230000,230700,黑龙江省/伊春市/南岔县,nan cha,n,727
230751,金林区,金林,3,230700,230000,230700,黑龙江省/伊春市/金林区,jin lin,j,728
230781,铁力市,铁力,3,230700,230000,230700,黑龙江省/伊春市/铁力市,tie li,t,729
230800,佳木斯市,佳木斯,2,230000,230000,230800,黑龙江省/佳木斯市,jia mu si,j,730
230803,向阳区,向阳,3,230800,230000,230800,黑龙江省/佳木斯市/向阳区,xiang yang,x,731
230804,前进区,前进,3,230800,230000,230800,黑龙江省/佳木斯市/前进区,qian jin,q,732
230805,东风区,东风,3,230800,230000,230800,黑龙江省/佳木斯市/东风区,dong feng,d,733
230811,郊区,郊区,3,230800,230000,230800,黑龙江省/佳木斯市/郊区,jiao qu,j,734
230822,桦南县,桦南,3,230800,230000,230800,黑龙江省/佳木斯市/桦南县,hua nan,h,735
230826,桦川县,桦川,3,230800,230000,230800,黑龙江省/佳木斯市/桦川县,hua chuan,h,736
230828,汤原县,汤原,3,230800,230000,230800,黑龙江省/佳木斯市/汤原县,tang yuan,t,737
230881,同江市,同江,3,230800,230000,230800,黑龙江省/佳木斯市/同江市,tong jiang,t,738
230882,富锦市,富锦,3,230800,230000,230800,黑龙江省/佳木斯市/富锦市,fu jin,f,739
230883,抚远市,抚远,3,230800,230000,230800,黑龙江省/佳木斯市/抚远市,fu yuan,f,740
230900,七台河市,七台河,2,230000,230000,230900,黑龙江省/七台河市,qi tai he,q,741
230902,新兴区,新兴,3,230900,230000,230900,黑龙江省/七台河市/新兴区,xin xing,x,742
230903,桃山区,桃山,3,230900,230000,230900,黑龙江省/七台河市/桃山区,tao shan,t,743
230904,茄子河区,茄子河,3,230900,230000,230900,黑龙江省/七台河市/茄子河区,qie zi he,q,744
230921,勃利县,勃利,3,230900,230000,230900,黑龙江省/七台河市/勃利县,bo li,b,745
231000,牡丹江市,牡丹江,2,230000,230000,231000,黑龙江省/牡丹江市,mu dan jiang,m,746
231002,东安区,东安,3,231000,230000,231000,黑龙江省/牡丹江市/东安区,dong an,d,747
231003,阳明区,阳明,3,231000,230000,231000,黑龙江省/牡丹江市/阳明区,yang ming,y,748
231004,爱民区,爱民,3,231000,230000,231000,黑龙江省/牡丹江市/爱民区,ai min,a,749
231005,西安区,西安,3,231000,230000,231000,黑龙江省/牡丹江市/西安区,xi an,x,750
231025,林口县,林口,3,231000,230000,231000,黑龙江省/牡丹江市/林口县,lin kou,l,751
231081,绥芬河市,绥芬河,3,231000,230000,231000,黑龙江省/牡丹江市/绥芬河市,sui fen he,s,752
231083,海林市,海林,3,231000,230000,231000,黑龙江省/牡丹江市/海林市,hai lin,h,753
231084,宁安市,宁安,3,231000,230000,231000,黑龙江省/牡丹江市/宁安市,ning an,n,754
231085,穆棱市,穆棱,3,231000,230000,231000,黑龙江省/牡丹江市/穆棱市,mu ling,m,755
231086,东宁市,东宁,3,231000,230000,231000,黑龙江省/牡丹江市/东宁市,dong ning,d,756
231100,黑河市,黑河,2,230000,230000,231100,黑龙江省/黑河市,hei he,h,757
231102,爱辉区,爱辉,3,231100,230000,231100,黑龙江省/黑河市/爱辉区,ai hui,a,758
231123,逊克县,逊克,3,231100,230000,231100,黑龙江省/黑河市/逊克县,xun ke,x,759
231124,孙吴县,孙吴,3,231100,230000,231100,黑龙江省/黑河市/孙吴县,sun wu,s,760
231181,北安市,北安,3,231100,230000,231100,黑龙江省/黑河市/北安市,bei an,b,761
231182,五大连池市,五大连池,3,231100,230000,231100,黑龙江省/黑河市/五大连池市,wu da lian chi,w,762
231183,嫩江市,嫩江,3,231100,230000,231100,黑龙江省/黑河市/嫩江市,nen jiang,n,763
231200,绥化市,绥化,2,230000,230000,231200,黑龙江省/绥化市,sui hua,s,764
231202,北林区,北林,3,231200,230000,231200,黑龙江省/绥化市/北林区,bei lin,b,765
231221,望奎县,望奎,3,231200,230000,231200,黑龙江省/绥化市/望奎县,wang kui,w,766
231222,兰西县,兰西,3,231200,230000,231200,黑龙江省/绥化市/兰西县,lan xi,l,767
231223,青冈县,青冈,3,231200,230000,231200,黑龙江省/绥化市/青冈县,qing gang,q,768
231224,庆安县,庆安,3,231200,230000,231200,黑龙江省/绥化市/庆安县,qing an,q,769
231225,明水县,明水,3,231200,230000,231200,黑龙江省/绥化市/明水县,ming shui,m,770
231226,绥棱县,绥棱,3,231200,230000,231200,黑龙江省/绥化市/绥棱县,sui ling,s,771
231281,安达市,安达,3,231200,230000,231200,黑龙江省/绥化市/安达市,an da,a,772
231282,肇东市,肇东,3,231200,230000,231200,黑龙江省/绥化市/肇东市,zhao dong,z,773
231283,海伦市,海伦,3,231200,230000,231200,黑龙江省/绥化市/海伦市,hai lun,h,774
232700,大兴安岭地区,大兴安岭,2,230000,230000,232700,黑龙江省/大兴安岭地区,da xing an ling,d,775
232701,漠河市,漠河,3,232700,230000,232700,黑龙江省/大兴安岭地区/漠河市,mo he,m,776
232721,呼玛县,呼玛,3,232700,230000,232700,黑龙江省/大兴安岭地区/呼玛县,hu ma,h,777
232722,塔河县,塔河,3,232700,230000,232700,黑龙江省/大兴安岭地区/塔河县,ta he,t,778
310000,上海市,上海,1,,310000,,上海市,shang hai,s,779
310101,黄浦区,黄浦,3,310000,310000,,上海市/黄浦区,huang pu,h,780
310104,徐汇区,徐汇,3,310000,310000,,上海市/徐汇区,xu hui,x,781
310105,长宁区,长宁,3,310000,310000,,上海市/长宁区,chang ning,c,782
310106,静安区,静安,3,310000,310000,,上海市/静安区,jing an,j,783
310107,普陀区,普陀,3,310000,310000,,上海市/普陀区,pu tuo,p,784
310109,虹口区,虹口,3,310000,310000,,上海市/虹口区,hong kou,h,785
310110,杨浦区,杨浦,3,310000,310000,,上海市/杨浦区,yang pu,y,786
310112,闵行区,闵行,3,310000,310000,,上海市/闵行区,min hang,m,787
310113,宝山区,宝山,3,310000,310000,,上海市/宝山区,bao shan,b,788
310114,嘉定区,嘉定,3,310000,310000,,上海市/嘉定区,jia ding,j,789
310115,浦东新区,浦东新区,3,310000,310000,,上海市/浦东新区,pu dong xin qu,p,790
310116,金山区,金山,3,310000,310000,,上海市/金山区,jin shan,j,791
310117,松江区,松江,3,310000,310000,,上海市/松江区,song jiang,s,792
310118,青浦区,青浦,3,310000,310000,,上海市/青浦区,qing pu,q,793
310120,奉贤区,奉贤,3,310000,310000,,上海市/奉贤区,feng xian,f,794
310151,崇明区,崇明,3,310000,310000,,上海市/崇明区,chong ming,c,795
320000,江苏省,江苏,1,,320000,,江苏省,jiang su,j,796
320100,南京市,南京,2,320000,320000,320100,江苏省/南京市,nan jing,n,797
320102,玄武区,玄武,3,320100,320000,320100,江苏省/南京市/玄武区,xuan wu,x,798
320104,秦淮区,秦淮,3,320100,320000,320100,江苏省/南京市/秦淮区,qin huai,q,799
320105,建邺区,建邺,3,320100,320000,320100,江苏省/南京市/建邺区,jian ye,j,800
320106,鼓楼区,鼓楼,3,320100,320000,320100,江苏省/南京市/鼓楼区,gu lou,g,801
320111,浦口区,浦口,3,320100,320000,320100,江苏省/南京市/浦口区,pu kou,p,802
320113,栖霞区,栖霞,3,320100,320000,320100,江苏省/南京市/栖霞区,qi xia,q,803
320114,雨花台区,雨花台,3,320100,320000,320100,江苏省/南京市/雨花台区,yu hua tai,y,804
320115,江宁区,江宁,3,320100,320000,320100,江苏省/南京市/江宁区,jiang ning,j,805
320116,六合区,六合,3,320100,320000,320100,江苏省/南京市/六合区,lu he,l,806
320117,溧水区,溧水,3,320100,320000,320100,江苏省/南京市/溧水区,li shui,l,807
320118,高淳区,高淳,3,320100,320000,320100,江苏省/南京市/高淳区,gao chun,g,808
320200,无锡市,无锡,2,320000,320000,320200,江苏省/无锡市,wu xi,w,809
320205,锡山区,锡山,3,320200,320000,320200,江苏省/无锡市/锡山区,xi shan,x,810
320206,惠山区,惠山,3,320200,320000,320200,江苏省/无锡市/惠山区,hui shan,h,811
320211,滨湖区,滨湖,3,320200,320000,320200,江苏省/无锡市/滨湖区,bin hu,b,812
320213,梁溪区,梁溪,3,320200,320000,320200,江苏省/无锡市/梁溪区,liang xi,l,813
320214,新吴区,新吴,3,320200,320000,320200,江苏省/无锡市/新吴区,xin wu,x,814
320281,江阴市,江阴,3,320200,320000,320200,江苏省/无锡市/江阴市,jiang yin,j,815
320282,宜兴市,宜兴,3,320200,320000,320200,江苏省/无锡市/宜兴市,yi xing,y,816
320300,徐州市,徐州,2,320000,320000,320300,江苏省/徐州市,xu zhou,x,817
320302,鼓楼区,鼓楼,3,320300,320000,320300,江苏省/徐州市/鼓楼区,gu lou,g,818
320303,云龙区,云龙,3,320300,320000,320300,江苏省/徐州市/云龙区,yun long,y,819
320305,贾汪区,贾汪,3,320300,320000,320300,江苏省/徐州市/贾汪区,jia wang,j,820
320311,泉山区,泉山,3,320300,320000,320300,江苏省/徐州市/泉山区,quan shan,q,821
320312,铜山区,铜山,3,320300,320000,320300,江苏省/徐州市/铜山区,tong shan,t,822
320321,丰县,丰县,3,320300,320000,320300,江苏省/徐州市/丰县,feng xian,f,823
320322,沛县,沛县,3,320300,320000,320300,江苏省/徐州市/沛县,pei xian,p,824
320324,睢宁县,睢宁,3,320300,320000,320300,江苏省/徐州市/睢宁县,sui ning,s,825
320381,新沂市,新沂,3,320300,320000,320300,江苏省/徐州市/新沂市,xin yi,x,826
320382,邳州市,邳州,3,320300,320000,320300,江苏省/徐州市/邳州市,pi zhou,p,827
320400,常州市,常州,2,320000,320000,320400,江苏省/常州市,chang zhou,c,828
320402,天宁区,天宁,3,320400,320000,320400,江苏省/常州市/天宁区,tian ning,t,829
320404,钟楼区,钟楼,3,320400,320000,320400,江苏省/常州市/钟楼区,zhong lou,z,830
320411,新北区,新北,3,320400,320000,320400,江苏省/常州市/新北区,xin bei,x,831
320412,武进区,武进,3,320400,320000,320400,江苏省/常州市/武进区,wu jin,w,832
320413,金坛区,金坛,3,320400,320000,320400,江苏省/常州市/金坛区,jin tan,j,833
320481,溧阳市,溧阳,3,320400,320000,320400,江苏省/常州市/溧阳市,li yang,l,834
320500,苏州市,苏州,2,320000,320000,320500,江苏省/苏州市,su zhou,s,835
320505,虎丘区,虎丘,3,320500,320000,320500,江苏省/苏州市/虎丘区,hu qiu,h,836
320506,吴中区,吴中,3,320500,320000,320500,江苏省/苏州市/吴中区,wu zhong,w,837
320507,相城区,相城,3,320500,320000,320500,江苏省/苏州市/相城区,xiang cheng,x,838
320508,姑苏区,姑苏,3,320500,320000,320500,江苏省/苏州市/姑苏区,gu su,g,839
320509,吴江区,吴江,3,320500,320000,320500,江苏省/苏州市/吴江区,wu jiang,w,840
320581,常熟市,常熟,3,320500,320000,320500,江苏省/苏州市/常熟市,chang shu,c,841
320582,张家港市,张家港,3,320500,320000,320500,江苏省/苏州市/张家港市,zhang jia gang,z,842
320583,昆山市,昆山,3,320500,320000,320500,江苏省/苏州市/昆山市,kun shan,k,843
320585,太仓市,太仓,3,320500,320000,320500,江苏省/苏州市/太仓市,tai cang,t,844
320600,南通市,南通,2,320000,320000,320600,江苏省/南通市,nan tong,n,845
320612,通州区,通州,3,320600,320000,320600,江苏省/南通市/通州区,tong zhou,t,846
320613,崇川区,崇川,3,320600,320000,320600,江苏省/南通市/崇川区,chong chuan,c,847
320614,海门区,海门,3,320600,320000,320600,江苏省/南通市/海门区,hai men,h,848
320623,如东县,如东,3,320600,320000,320600,江苏省/南通市/如东县,ru dong,r,849
320681,启东市,启东,3,320600,320000,320600,江苏省/南通市/启东市,qi dong,q,850
320682,如皋市,如皋,3,320600,320000,320600,江苏省/南通市/如皋市,ru gao,r,851
320685,海安市,海安,3,320600,320000,320600,江苏省/南通市/海安市,hai an,h,852
320700,连云港市,连云港,2,320000,320000,320700,江苏省/连云港市,lian yun gang,l,853
320703,连云区,连云,3,320700,320000,320700,江苏省/连云港市/连云区,lian yun,l,854
320706,海州区,海州,3,320700,320000,320700,江苏省/连云港市/海州区,hai zhou,h,855
320707,赣榆区,赣榆,3,320700,320000,320700,江苏省/连云港市/赣榆区,gan yu,g,856
320722,东海县,东海,3,320700,320000,320700,江苏省/连云港市/东海县,dong hai,d,857
320723,灌云县,灌云,3,320700,320000,320700,江苏省/连云港市/灌云县,guan yun,g,858
320724,灌南县,灌南,3,320700,320000,320700,江苏省/连云港市/灌南县,guan nan,g,859
320800,淮安市,淮安,2,320000,320000,320800,江苏省/淮安市,huai an,h,860
320803,淮安区,淮安区,3,320800,320000,320800,江苏省/淮安市/淮安区,huai an qu,h,861
320804,淮阴区,淮阴,3,320800,320000,320800,江苏省/淮安市/淮阴区,huai yin,h,862
320812,清江浦区,清江浦,3,320800,320000,320800,江苏省/淮安市/清江浦区,qing jiang pu,q,863
320813,洪泽区,洪泽,3,320800,320000,320800,江苏省/淮安市/洪泽区,hong ze,h,864
320826,涟水县,涟水,3,320800,320000,320800,江苏省/淮安市/涟水县,lian shui,l,865
320830,盱眙县,盱眙,3,320800,320000,320800,江苏省/淮安市/盱眙县,xu yi,x,866
320831,金湖县,金湖,3,320800,320000,320800,江苏省/淮安市/金湖县,jin hu,j,867
320900,盐城市,盐城,2,320000,320000,320900,江苏省/盐城市,yan cheng,y,868
320902,亭湖区,亭湖,3,320900,320000,320900,江苏省/盐城市/亭湖区,ting hu,t,869
320903,盐都区,盐都,3,320900,320000,320900,江苏省/盐城市/盐都区,yan du,y,870
320904,大丰区,大丰,3,320900,320000,320900,江苏省/盐城市/大丰区,da feng,d,871
320921,响水县,响水,3,320900,320000,320900,江苏省/盐城市/响水县,xiang shui,x,872
320922,滨海县,滨海,3,320900,320000,320900,江苏省/盐城市/滨海县,bin hai,b,873
320923,阜宁县,阜宁,3,320900,320000,320900,江苏省/盐城市/阜宁县,fu ning,f,874
320924,射阳县,射阳,3,320900,320000,320900,江苏省/盐城市/射阳县,she yang,s,875
320925,建湖县,建湖,3,320900,320000,320900,江苏省/盐城市/建湖县,jian hu,j,876
320981,东台市,东台,3,320900,320000,320900,江苏省/盐城市/东台市,dong tai,d,877
321000,扬州市,扬州,2,320000,320000,321000,江苏省/扬州市,yang zhou,y,878
321002,广陵区,广陵,3,321000,320000,321000,江苏省/扬州市/广陵区,guang ling,g,879
321003,邗江区,邗江,3,321000,320000,321000,江苏省/扬州市/邗江区,han jiang,h,880
321012,江都区,江都,3,321000,320000,321000,江苏省/扬州市/江都区,jiang du,j,881
321023,宝应县,宝应,3,321000,320000,321000,江苏省/扬州市/宝应县,bao ying,b,882
321081,仪征市,仪征,3,321000,320000,321000,江苏省/扬州市/仪征市,yi zheng,y,883
321084,高邮市,高邮,3,321000,320000,321000,江苏省/扬州市/高邮市,gao you,g,884
321100,镇江市,镇江,2,320000,320000,321100,江苏省/镇江市,zhen jiang,z,885
321102,京口区,京口,3,321100,320000,321100,江苏省/镇江市/京口区,jing kou,j,886
321111,润州区,润州,3,321100,320000,321100,江苏省/镇江市/润州区,run zhou,r,887
321112,丹徒区,丹徒,3,321100,320000,321100,江苏省/镇江市/丹徒区,dan tu,d,888
321181,丹阳市,丹阳,3,321100,320000,321100,江苏省/镇江市/丹阳市,dan yang,d,889
321182,扬中市,扬中,3,321100,320000,321100,江苏省/镇江市/扬中市,yang zhong,y,890
321183,句容市,句容,3,321100,320000,321100,江苏省/镇江市/句容市,ju rong,j,891
321200,泰州市,泰州,2,320000,320000,321200,江苏省/泰州市,tai zhou,t,892
321202,海陵区,海陵,3,321200,320000,321200,江苏省/泰州市/海陵区,hai ling,h,893
321203,高港区,高港,3,321200,320000,321200,江苏省/泰州市/高港区,gao gang,g,894
321204,姜堰区,姜堰,3,321200,320000,321200,江苏省/泰州市/姜堰区,jiang yan,j,895
321281,兴化市,兴化,3,321200,320000,321200,江苏省/泰州市/兴化市,xing hua,x,896
321282,靖江市,靖江,3,321200,320000,321200,江苏省/泰州市/靖江市,jing jiang,j,897
321283,泰兴市,泰兴,3,321200,320000,321200,江苏省/泰州市/泰兴市,tai xing,t,898
321300,宿迁市,宿迁,2,320000,320000,321300,江苏省/宿迁市,su qian,s,899
321302,宿城区,宿城,3,321300,320000,321300,江苏省/宿迁市/宿城区,su cheng,s,900
321311,宿豫区,宿豫,3,321300,320000,321300,江苏省/宿迁市/宿豫区,su yu,s,901
321322,沭阳县,沭阳,3,321300,320000,321300,江苏省/宿迁市/沭阳县,shu yang,s,902
321323,泗阳县,泗阳,3,321300,320000,321300,江苏省/宿迁市/泗阳县,si yang,s,903
321324,泗洪县,泗洪,3,321300,320000,321300,江苏省/宿迁市/泗洪县,si hong,s,904
330000,浙江省,浙江,1,,330000,,浙江省,zhe jiang,z,905
330100,杭州市,杭州,2,330000,330000,330100,浙江省/杭州市,hang zhou,h,906
330102,上城区,上城,3,330100,330000,330100,浙江省/杭州市/上城区,shang cheng,s,907
330105,拱墅区,拱墅,3,330100,330000,330100,浙江省/杭州市/拱墅区,gong shu,g,908
330106,西湖区,西湖,3,330100,330000,330100,浙江省/杭州市/西湖区,xi hu,x,909
330108,滨江区,滨江,3,330100,330000,330100,浙江省/杭州市/滨江区,bin jiang,b,910
330109,萧山区,萧山,3,330100,330000,330100,浙江省/杭州市/萧山区,xiao shan,x,911
330110,余杭区,余杭,3,330100,330000,330100,浙江省/杭州市/余杭区,yu hang,y,912
330111,富阳区,富阳,3,330100,330000,330100,浙江省/杭州市/富阳区,fu yang,f,913
330112,临安区,临安,3,330100,330000,330100,浙江省/杭州市/临安区,lin an,l,914
330113,临平区,临平,3,330100,330000,330100,浙江省/杭州市/临平区,lin ping,l,915
330114,钱塘区,钱塘,3,330100,330000,330100,浙江省/杭州市/钱塘区,qian tang,q,916
330122,桐庐县,桐庐,3,330100,330000,330100,浙江省/杭州市/桐庐县,tong lu,t,917
330127,淳安县,淳安,3,330100,330000,330100,浙江省/杭州市/淳安县,chun an,c,918
330182,建德市,建德,3,330100,330000,330100,浙江省/杭州市/建德市,jian de,j,919
330200,宁波市,宁波,2,330000,330000,330200,浙江省/宁波市,ning bo,n,920
330203,海曙区,海曙,3,330200,330000,330200,浙江省/宁波市/海曙区,hai shu,h,921
330205,江北区,江北,3,330200,330000,330200,浙江省/宁波市/江北区,jiang bei,j,922
330206,北仑区,北仑,3,330200,330000,330200,浙江省/宁波市/北仑区,bei lun,b,923
330211,镇海区,镇海,3,330200,330000,330200,浙江省/宁波市/镇海区,zhen hai,z,924
330212,鄞州区,鄞州,3,330200,330000,330200,浙江省/宁波市/鄞州区,yin zhou,y,925
330213,奉化区,奉化,3,330200,330000,330200,浙江省/宁波市/奉化区,feng hua,f,926
330225,象山县,象山,3,330200,330000,330200,浙江省/宁波市/象山县,xiang shan,x,927
330226,宁海县,宁海,3,330200,330000,330200,浙江省/宁波市/宁海县,ning hai,n,928
330281,余姚市,余姚,3,330200,330000,330200,浙江省/宁波市/余姚市,yu yao,y,929
330282,慈溪市,慈溪,3,330200,330000,330200,浙江省/宁波市/慈溪市,ci xi,c,930
330300,温州市,温州,2,330000,330000,330300,浙江省/温州市,wen zhou,w,931
330302,鹿城区,鹿城,3,330300,330000,330300,浙江省/温州市/鹿城区,lu cheng,l,932
330303,龙湾区,龙湾,3,330300,330000,330300,浙江省/温州市/龙湾区,long wan,l,933
330304,瓯海区,瓯海,3,330300,330000,330300,浙江省/温州市/瓯海区,ou hai,o,934
330305,洞头区,洞头,3,330300,330000,330300,浙江省/温州市/洞头区,dong tou,d,935
330324,永嘉县,永嘉,3,330300,330000,330300,浙江省/温州市/永嘉县,yong jia,y,936
330326,平阳县,平阳,3,330300,330000,330300,浙江省/温州市/平阳县,ping yang,p,937
330327,苍南县,苍南,3,330300,330000,330300,浙江省/温州市/苍南县,cang nan,c,938
330328,文成县,文成,3,330300,330000,330300,浙江省/温州市/文成县,wen cheng,w,939
330329,泰顺县,泰顺,3,330300,330000,330300,浙江省/温州市/泰顺县,tai shun,t,940
330381,瑞安市,瑞安,3,330300,330000,330300,浙江省/温州市/瑞安市,rui an,r,941
330382,乐清市,乐清,3,330300,330000,330300,浙江省/温州市/乐清市,yue qing,y,942
330383,龙港市,龙港,3,330300,330000,330300,浙江省/温州市/龙港市,long gang,l,943
330400,嘉兴市,嘉兴,2,330000,330000,330400,浙江省/嘉兴市,jia xing,j,944
330402,南湖区,南湖,3,330400,330000,330400,浙江省/嘉兴市/南湖区,nan hu,n,945
330411,秀洲区,秀洲,3,330400,330000,330400,浙江省/嘉兴市/秀洲区,xiu zhou,x,946
330421,嘉善县,嘉善,3,330400,330000,330400,浙江省/嘉兴市/嘉善县,jia shan,j,947
330424,海盐县,海盐,3,330400,330000,330400,浙江省/嘉兴市/海盐县,hai yan,h,948
330481,海宁市,海宁,3,330400,330000,330400,浙江省/嘉兴市/海宁市,hai ning,h,949
330482,平湖市,平湖,3,330400,330000,330400,浙江省/嘉兴市/平湖市,ping hu,p,950
330483,桐乡市,桐乡,3,330400,330000,330400,浙江省/嘉兴市/桐乡市,tong xiang,t,951
330500,湖州市,湖州,2,330000,330000,330500,浙江省/湖州市,hu zhou,h,952
330502,吴兴区,吴兴,3,330500,330000,330500,浙江省/湖州市/吴兴区,wu xing,w,953
330503,南浔区,南浔,3,330500,330000,330500,浙江省/湖州市/南浔区,nan xun,n,954
330521,德清县,德清,3,330500,330000,330500,浙江省/湖州市/德清县,de qing,d,955
330522,长兴县,长兴,3,330500,330000,330500,浙江省/湖州市/长兴县,chang xing,c,956
330523,安吉县,安吉,3,330500,330000,330500,浙江省/湖州市/安吉县,an ji,a,957
330600,绍兴市,绍兴,2,330000,330000,330600,浙江省/绍兴市,shao xing,s,958
330602,越城区,越城,3,330600,330000,330600,浙江省/绍兴市/越城区,yue cheng,y,959
330603,柯桥区,柯桥,3,330600,330000,330600,浙江省/绍兴市/柯桥区,ke qiao,k,960
330604,上虞区,上虞,3,330600,330000,330600,浙江省/绍兴市/上虞区,shang yu,s,961
330624,新昌县,新昌,3,330600,330000,330600,浙江省/绍兴市/新昌县,xin chang,x,962
330681,诸暨市,诸暨,3,330600,330000,330600,浙江省/绍兴市/诸暨市,zhu ji,z,963
330683,嵊州市,嵊州,3,330600,330000,330600,浙江省/绍兴市/嵊州市,sheng zhou,s,964
330700,金华市,金华,2,330000,330000,330700,浙江省/金华市,jin hua,j,965
330702,婺城区,婺城,3,330700,330000,330700,浙江省/金华市/婺城区,wu cheng,w,966
330703,金东区,金东,3,330700,330000,330700,浙江省/金华市/金东区,jin dong,j,967
330723,武义县,武义,3,330700,330000,330700,浙江省/金华市/武义县,wu yi,w,968
330726,浦江县,浦江,3,330700,330000,330700,浙江省/金华市/浦江县,pu jiang,p,969
330727,磐安县,磐安,3,330700,330000,330700,浙江省/金华市/磐安县,pan an,p,970
330781,兰溪市,兰溪,3,330700,330000,330700,浙江省/金华市/兰溪市,lan xi,l,971
330782,义乌市,义乌,3,330700,330000,330700,浙江省/金华市/义乌市,yi wu,y,972
330783,东阳市,东阳,3,330700,330000,330700,浙江省/金华市/东阳市,dong yang,d,973
330784,永康市,永康,3,330700,330000,330700,浙江省/金华市/永康市,yong kang,y,974
330800,衢州市,衢州,2,330000,330000,330800,浙江省/衢州市,qu zhou,q,975
330802,柯城区,柯城,3,330800,330000,330800,浙江省/衢州市/柯城区,ke cheng,k,976
330803,衢江区,衢江,3,330800,330000,330800,浙江省/衢州市/衢江区,qu jiang,q,977
330822,常山县,常山,3,330800,330000,330800,浙江省/衢州市/常山县,chang shan,c,978
330824,开化县,开化,3,330800,330000,330800,浙江省/衢州市/开化县,kai hua,k,979
330825,龙游县,龙游,3,330800,330000,330800,浙江省/衢州市/龙游县,long you,l,980
330881,江山市,江山,3,330800,330000,330800,浙江省/衢州市/江山市,jiang shan,j,981
330900,舟山市,舟山,2,330000,330000,330900,浙江省/舟山市,zhou shan,z,982
330902,定海区,定海,3,330900,330000,330900,浙江省/舟山市/定海区,ding hai,d,983
330903,普陀区,普陀,3,330900,330000,330900,浙江省/舟山市/普陀区,pu tuo,p,984
330921,岱山县,岱山,3,330900,330000,330900,浙江省/舟山市/岱山县,dai shan,d,985
330922,嵊泗县,嵊泗,3,330900,330000,330900,浙江省/舟山市/嵊泗县,sheng si,s,986
331000,台州市,台州,2,330000,330000,331000,浙江省/台州市,tai zhou,t,987
331002,椒江区,椒江,3,331000,330000,331000,浙江省/台州市/椒江区,jiao jiang,j,988
331003,黄岩区,黄岩,3,331000,330000,331000,浙江省/台州市/黄岩区,huang yan,h,989
331004,路桥区,路桥,3,331000,330000,331000,浙江省/台州市/路桥区,lu qiao,l,990
331022,三门县,三门,3,331000,330000,331000,浙江省/台州市/三门县,san men,s,991
331023,天台县,天台,3,331000,330000,331000,浙江省/台州市/天台县,tian tai,t,992
331024,仙居县,仙居,3,331000,330000,331000,浙江省/台州市/仙居县,xian ju,x,993
331081,温岭市,温岭,3,331000,330000,331000,浙江省/台州市/温岭市,wen ling,w,994
331082,临海市,临海,3,331000,330000,331000,浙江省/台州市/临海市,lin hai,l,995
331083,玉环市,玉环,3,331000,330000,331000,浙江省/台州市/玉环市,yu huan,y,996
331100,丽水市,丽水,2,330000,330000,331100,浙江省/丽水市,li shui,l,997
331102,莲都区,莲都,3,331100,330000,331100,浙江省/丽水市/莲都区,lian du,l,998
331121,青田县,青田,3,331100,330000,331100,浙江省/丽水市/青田县,qing tian,q,999
331122,缙云县,缙云,3,331100,330000,331100,浙江省/丽水市/缙云县,jin yun,j,1000
331123,遂昌县,遂昌,3,331100,330000,331100,浙江省/丽水市/遂昌县,sui chang,s,1001
331124,松阳县,松阳,3,331100,330000,331100,浙江省/丽水市/松阳县,song yang,s,1002
331125,云和县,云和,3,331100,330000,331100,浙江省/丽水市/云和县,yun he,y,1003
331126,庆元县,庆元,3,331100,330000,331100,浙江省/丽水市/庆元县,qing yuan,q,1004
331127,景宁畲族自治县,景宁,3,331100,330000,331100,浙江省/丽水市/景宁畲族自治县,jing ning,j,1005
331181,龙泉市,龙泉,3,331100,330000,331100,浙江省/丽水市/龙泉市,long quan,l,1006
340000,安徽省,安徽,1,,340000,,安徽省,an hui,a,1007
340100,合肥市,合肥,2,340000,340000,340100,安徽省/合肥市,he fei,h,1008
340102,瑶海区,瑶海,3,340100,340000,340100,安徽省/合肥市/瑶海区,yao hai,y,1009
340103,庐阳区,庐阳,3,340100,340000,340100,安徽省/合肥市/庐阳区,lu yang,l,1010
340104,蜀山区,蜀山,3,340100,340000,340100,安徽省/合肥市/蜀山区,shu shan,s,1011
340111,包河区,包河,3,340100,340000,340100,安徽省/合肥市/包河区,bao he,b,1012
340121,长丰县,长丰,3,340100,340000,340100,安徽省/合肥市/长丰县,chang feng,c,1013
340122,肥东县,肥东,3,340100,340000,340100,安徽省/合肥市/肥东县,fei dong,f,1014
340123,肥西县,肥西,3,340100,340000,340100,安徽省/合肥市/肥西县,fei xi,f,1015
340124,庐江县,庐江,3,340100,340000,340100,安徽省/合肥市/庐江县,lu jiang,l,1016
340181,巢湖市,巢湖,3,340100,340000,340100,安徽省/合肥市/巢湖市,chao hu,c,1017
340200,芜湖市,芜湖,2,340000,340000,340200,安徽省/芜湖市,wu hu,w,1018
340202,镜湖区,镜湖,3,340200,340000,340200,安徽省/芜湖市/镜湖区,jing hu,j,1019
340207,鸠江区,鸠江,3,340200,340000,340200,安徽省/芜湖市/鸠江区,jiu jiang,j,1020
340209,弋江区,弋江,3,340200,340000,340200,安徽省/芜湖市/弋江区,yi jiang,y,1021
340210,湾沚区,湾沚,3,340200,340000,340200,安徽省/芜湖市/湾沚区,wan zhi,w,1022
340212,繁昌区,繁昌,3,340200,340000,340200,安徽省/芜湖市/繁昌区,fan chang,f,1023
340223,南陵县,南陵,3,340200,340000,340200,安徽省/芜湖市/南陵县,nan ling,n,1024
340281,无为市,无为,3,340200,340000,340200,安徽省/芜湖市/无为市,wu wei,w,1025
340300,蚌埠市,蚌埠,2,340000,340000,340300,安徽省/蚌埠市,beng bu,b,1026
340302,龙子湖区,龙子湖,3,340300,340000,340300,安徽省/蚌埠市/龙子湖区,long zi hu,l,1027
340303,蚌山区,蚌山,3,340300,340000,340300,安徽省/蚌埠市/蚌山区,beng shan,b,1028
340304,禹会区,禹会,3,340300,340000,340300,安徽省/蚌埠市/禹会区,yu hui,y,1029
340311,淮上区,淮上,3,340300,340000,340300,安徽省/蚌埠市/淮上区,huai shang,h,1030
340321,怀远县,怀远,3,340300,340000,340300,安徽省/蚌埠市/怀远县,huai yuan,h,1031
340322,五河县,五河,3,340300,340000,340300,安徽省/蚌埠市/五河县,wu he,w,1032
340323,固镇县,固镇,3,340300,340000,340300,安徽省/蚌埠市/固镇县,gu zhen,g,1033
340400,淮南市,淮南,2,340000,340000,340400,安徽省/淮南市,huai nan,h,1034
340402,大通区,大通,3,340400,340000,340400,安徽省/淮南市/大通区,da tong,d,1035
340403,田家庵区,田家庵,3,340400,340000,340400,安徽省/淮南市/田家庵区,tian jia an,t,1036
340404,谢家集区,谢家集,3,340400,340000,340400,安徽省/淮南市/谢家集区,xie jia ji,x,1037
340405,八公山区,八公山,3,340400,340000,340400,安徽省/淮南市/八公山区,ba gong shan,b,1038
340406,潘集区,潘集,3,340400,340000,340400,安徽省/淮南市/潘集区,pan ji,p,1039
340421,凤台县,凤台,3,340400,340000,340400,安徽省/淮南市/凤台县,feng tai,f,1040
340422,寿县,寿县,3,340400,340000,340400,安徽省/淮南市/寿县,shou xian,s,1041
340500,马鞍山市,马鞍山,2,340000,340000,340500,安徽省/马鞍山市,ma an shan,m,1042
340503,花山区,花山,3,340500,340000,340500,安徽省/马鞍山市/花山区,hua shan,h,1043
340504,雨山区,雨山,3,340500,340000,340500,安徽省/马鞍山市/雨山区,yu shan,y,1044
340506,博望区,博望,3,340500,340000,340500,安徽省/马鞍山市/博望区,bo wang,b,1045
340521,当涂县,当涂,3,340500,340000,340500,安徽省/马鞍山市/当涂县,dang tu,d,1046
340522,含山县,含山,3,340500,340000,340500,安徽省/马鞍山市/含山县,han shan,h,1047
340523,和县,和县,3,340500,340000,340500,安徽省/马鞍山市/和县,he xian,h,1048
340600,淮北市,淮北,2,340000,340000,340600,安徽省/淮北市,huai bei,h,1049
340602,杜集区,杜集,3,340600,340000,340600,安徽省/淮北市/杜集区,du ji,d,1050
340603,相山区,相山,3,340600,340000,340600,安徽省/淮北市/相山区,xiang shan,x,1051
340604,烈山区,烈山,3,340600,340000,340600,安徽省/淮北市/烈山区,lie shan,l,1052
340621,濉溪县,濉溪,3,340600,340000,340600,安徽省/淮北市/濉溪县,sui xi,s,1053
340700,铜陵市,铜陵,2,340000,340000,340700,安徽省/铜陵市,tong ling,t,1054
340705,铜官区,铜官,3,340700,340000,340700,安徽省/铜陵市/铜官区,tong guan,t,1055
340706,义安区,义安,3,340700,340000,340700,安徽省/铜陵市/义安区,yi an,y,1056
340711,郊区,郊区,3,340700,340000,340700,安徽省/铜陵市/郊区,jiao qu,j,1057
340722,枞阳县,枞阳,3,340700,340000,340700,安徽省/铜陵市/枞阳县,zong yang,z,1058
340800,安庆市,安庆,2,340000,340000,340800,安徽省/安庆市,an qing,a,1059
340802,迎江区,迎江,3,340800,340000,340800,安徽省/安庆市/迎江区,ying jiang,y,1060
340803,大观区,大观,3,340800,340000,340800,安徽省/安庆市/大观区,da guan,d,1061
340811,宜秀区,宜秀,3,340800,340000,340800,安徽省/安庆市/宜秀区,yi xiu,y,1062
340822,怀宁县,怀宁,3,340800,340000,340800,安徽省/安庆市/怀宁县,huai ning,h,1063
340825,太湖县,太湖,3,340800,340000,340800,安徽省/安庆市/太湖县,tai hu,t,1064
340826,宿松县,宿松,3,340800,340000,340800,安徽省/安庆市/宿松县,su song,s,1065
340827,望江县,望江,3,340800,340000,340800,安徽省/安庆市/望江县,wang jiang,w,1066
340828,岳西县,岳西,3,340800,340000,340800,安徽省/安庆市/岳西县,yue xi,y,1067
340881,桐城市,桐城,3,340800,340000,340800,安徽省/安庆市/桐城市,tong cheng,t,1068
340882,潜山市,潜山,3,340800,340000,340800,安徽省/安庆市/潜山市,qian shan,q,1069
341000,黄山市,黄山,2,340000,340000,341000,安徽省/黄山市,huang shan,h,1070
341002,屯溪区,屯溪,3,341000,340000,341000,安徽省/黄山市/屯溪区,tun xi,t,1071
341003,黄山区,黄山区,3,341000,340000,341000,安徽省/黄山市/黄山区,huang shan qu,h,1072
341004,徽州区,徽州,3,341000,340000,341000,安徽省/黄山市/徽州区,hui zhou,h,1073
341021,歙县,歙县,3,341000,340000,341000,安徽省/黄山市/歙县,she xian,s,1074
341022,休宁县,休宁,3,341000,340000,341000,安徽省/黄山市/休宁县,xiu ning,x,1075
341023,黟县,黟县,3,341000,340000,341000,安徽省/黄山市/黟县,yi xian,y,1076
341024,祁门县,祁门,3,341000,340000,341000,安徽省/黄山市/祁门县,qi men,q,1077
341100,滁州市,滁州,2,340000,340000,341100,安徽省/滁州市,chu zhou,c,1078
341102,琅琊区,琅琊,3,341100,340000,341100,安徽省/滁州市/琅琊区,lang ya,l,1079
341103,南谯区,南谯,3,341100,340000,341100,安徽省/滁州市/南谯区,nan qiao,n,1080
341122,来安县,来安,3,341100,340000,341100,安徽省/滁州市/来安县,lai an,l,1081
341124,全椒县,全椒,3,341100,340000,341100,安徽省/滁州市/全椒县,quan jiao,q,1082
341125,定远县,定远,3,341100,340000,341100,安徽省/滁州市/定远县,ding yuan,d,1083
341126,凤阳县,凤阳,3,341100,340000,341100,安徽省/滁州市/凤阳县,feng yang,f,1084
341181,天长市,天长,3,341100,340000,341100,安徽省/滁州市/天长市,tian chang,t,1085
341182,明光市,明光,3,341100,340000,341100,安徽省/滁州市/明光市,ming guang,m,1086
341200,阜阳市,阜阳,2,340000,340000,341200,安徽省/阜阳市,fu yang,f,1087
341202,颍州区,颍州,3,341200,340000,341200,安徽省/阜阳市/颍州区,ying zhou,y,1088
341203,颍东区,颍东,3,341200,340000,341200,安徽省/阜阳市/颍东区,ying dong,y,1089
341204,颍泉区,颍泉,3,341200,340000,341200,安徽省/阜阳市/颍泉区,ying quan,y,1090
341221,临泉县,临泉,3,341200,340000,341200,安徽省/阜阳市/临泉县,lin quan,l,1091
341222,太和县,太和,3,341200,340000,341200,安徽省/阜阳市/太和县,tai he,t,1092
341225,阜南县,阜南,3,341200,340000,341200,安徽省/阜阳市/阜南县,fu nan,f,1093
341226,颍上县,颍上,3,341200,340000,341200,安徽省/阜阳市/颍上县,ying shang,y,1094
341282,界首市,界首,3,341200,340000,341200,安徽省/阜阳市/界首市,jie shou,j,1095
341300,宿州市,宿州,2,340000,340000,341300,安徽省/宿州市,su zhou,s,1096
341302,埇桥区,埇桥,3,341300,340000,341300,安徽省/宿州市/埇桥区,yong qiao,y,1097
341321,砀山县,砀山,3,341300,340000,341300,安徽省/宿州市/砀山县,dang shan,d,1098
341322,萧县,萧县,3,341300,340000,341300,安徽省/宿州市/萧县,xiao xian,x,1099
341323,灵璧县,灵璧,3,341300,340000,341300,安徽省/宿州市/灵璧县,ling bi,l,1100
341324,泗县,泗县,3,341300,340000,341300,安徽省/宿州市/泗县,si xian,s,1101
341500,六安市,六安,2,340000,340000,341500,安徽省/六安市,lu an,l,1102
341502,金安区,金安,3,341500,340000,341500,安徽省/六安市/金安区,jin an,j,1103
341503,裕安区,裕安,3,341500,340000,341500,安徽省/六安市/裕安区,yu an,y,1104
341504,叶集区,叶集,3,341500,340000,341500,安徽省/六安市/叶集区,ye ji,y,1105
341522,霍邱县,霍邱,3,341500,340000,341500,安徽省/六安市/霍邱县,huo qiu,h,1106
341523,舒城县,舒城,3,341500,340000,341500,安徽省/六安市/舒城县,shu cheng,s,1107
341524,金寨县,金寨,3,341500,340000,341500,安徽省/六安市/金寨县,jin zhai,j,1108
341525,霍山县,霍山,3,341500,340000,341500,安徽省/六安市/霍山县,huo shan,h,1109
341600,亳州市,亳州,2,340000,340000,341600,安徽省/亳州市,bo zhou,b,1110
341602,谯城区,谯城,3,341600,340000,341600,安徽省/亳州市/谯城区,qiao cheng,q,1111
341621,涡阳县,涡阳,3,341600,340000,341600,安徽省/亳州市/涡阳县,guo yang,g,1112
341622,蒙城县,蒙城,3,341600,340000,341600,安徽省/亳州市/蒙城县,meng cheng,m,1113
341623,利辛县,利辛,3,341600,340000,341600,安徽省/亳州市/利辛县,li xin,l,1114
341700,池州市,池州,2,340000,340000,341700,安徽省/池州市,chi zhou,c,1115
341702,贵池区,贵池,3,341700,340000,341700,安徽省/池州市/贵池区,gui chi,g,1116
341721,东至县,东至,3,341700,340000,341700,安徽省/池州市/东至县,dong zhi,d,1117
341722,石台县,石台,3,341700,340000,341700,安徽省/池州市/石台县,shi tai,s,1118
341723,青阳县,青阳,3,341700,340000,341700,安徽省/池州市/青阳县,qing yang,q,1119
341800,宣城市,宣城,2,340000,340000,341800,安徽省/宣城市,xuan cheng,x,1120
341802,宣州区,宣州,3,341800,340000,341800,安徽省/宣城市/宣州区,xuan zhou,x,1121
341821,郎溪县,郎溪,3,341800,340000,341800,安徽省/宣城市/郎溪县,lang xi,l,1122
341823,泾县,泾县,3,341800,340000,341800,安徽省/宣城市/泾县,jing xian,j,1123
341824,绩溪县,绩溪,3,341800,340000,341800,安徽省/宣城市/绩溪县,ji xi,j,1124
341825,旌德县,旌德,3,341800,340000,341800,安徽省/宣城市/旌德县,jing de,j,1125
341881,宁国市,宁国,3,341800,340000,341800,安徽省/宣城市/宁国市,ning guo,n,1126
341882,广德市,广德,3,341800,340000,341800,安徽省/宣城市/广德市,guang de,g,1127
350000,福建省,福建,1,,350000,,福建省,fu jian,f,1128
350100,福州市,福州,2,350000,350000,350100,福建省/福州市,fu zhou,f,1129
350102,鼓楼区,鼓楼,3,350100,350000,350100,福建省/福州市/鼓楼区,gu lou,g,1130
350103,台江区,台江,3,350100,350000,350100,福建省/福州市/台江区,tai jiang,t,1131
350104,仓山区,仓山,3,350100,350000,350100,福建省/福州市/仓山区,cang shan,c,1132
350105,马尾区,马尾,3,350100,350000,350100,福建省/福州市/马尾区,ma wei,m,1133
350111,晋安区,晋安,3,350100,350000,350100,福建省/福州市/晋安区,jin an,j,1134
350112,长乐区,长乐,3,350100,350000,350100,福建省/福州市/长乐区,chang le,c,1135
350121,闽侯县,闽侯,3,350100,350000,350100,福建省/福州市/闽侯县,min hou,m,1136
350122,连江县,连江,3,350100,350000,350100,福建省/福州市/连江县,lian jiang,l,1137
350123,罗源县,罗源,3,350100,350000,350100,福建省/福州市/罗源县,luo yuan,l,1138
350124,闽清县,闽清,3,350100,350000,350100,福建省/福州市/闽清县,min qing,m,1139
350125,永泰县,永泰,3,350100,350000,350100,福建省/福州市/永泰县,yong tai,y,1140
350128,平潭县,平潭,3,350100,350000,350100,福建省/福州市/平潭县,ping tan,p,1141
350181,福清市,福清,3,350100,350000,350100,福建省/福州市/福清市,fu qing,f,1142
350200,厦门市,厦门,2,350000,350000,350200,福建省/厦门市,xia men,x,1143
350203,思明区,思明,3,350200,350000,350200,福建省/厦门市/思明区,si ming,s,1144
350205,海沧区,海沧,3,350200,350000,350200,福建省/厦门市/海沧区,hai cang,h,1145
350206,湖里区,湖里,3,350200,350000,350200,福建省/厦门市/湖里区,hu li,h,1146
350211,集美区,集美,3,350200,350000,350200,福建省/厦门市/集美区,ji mei,j,1147
350212,同安区,同安,3,350200,350000,350200,福建省/厦门市/同安区,tong an,t,1148
350213,翔安区,翔安,3,350200,350000,350200,福建省/厦门市/翔安区,xiang an,x,1149
350300,莆田市,莆田,2,350000,350000,350300,福建省/莆田市,pu tian,p,1150
350302,城厢区,城厢,3,350300,350000,350300,福建省/莆田市/城厢区,cheng xiang,c,1151
350303,涵江区,涵江,3,350300,350000,350300,福建省/莆田市/涵江区,han jiang,h,1152
350304,荔城区,荔城,3,350300,350000,350300,福建省/莆田市/荔城区,li cheng,l,1153
350305,秀屿区,秀屿,3,350300,350000,350300,福建省/莆田市/秀屿区,xiu yu,x,1154
350322,仙游县,仙游,3,350300,350000,350300,福建省/莆田市/仙游县,xian you,x,1155
350400,三明市,三明,2,350000,350000,350400,福建省/三明市,san ming,s,1156
350404,三元区,三元,3,350400,350000,350400,福建省/三明市/三元区,san yuan,s,1157
350405,沙县区,沙县,3,350400,350000,350400,福建省/三明市/沙县区,sha xian,s,1158
350421,明溪县,明溪,3,350400,350000,350400,福建省/三明市/明溪县,ming xi,m,1159
350423,清流县,清流,3,350400,350000,350400,福建省/三明市/清流县,qing liu,q,1160
350424,宁化县,宁化,3,350400,350000,350400,福建省/三明市/宁化县,ning hua,n,1161
350425,大田县,大田,3,350400,350000,350400,福建省/三明市/大田县,da tian,d,1162
350426,尤溪县,尤溪,3,350400,350000,350400,福建省/三明市/尤溪县,you xi,y,1163
350428,将乐县,将乐,3,350400,350000,350400,福建省/三明市/将乐县,jiang le,j,1164
350429,泰宁县,泰宁,3,350400,350000,350400,福建省/三明市/泰宁县,tai ning,t,1165
350430,建宁县,建宁,3,350400,350000,350400,福建省/三明市/建宁县,jian ning,j,1166
350481,永安市,永安,3,350400,350000,350400,福建省/三明市/永安市,yong an,y,1167
350500,泉州市,泉州,2,350000,350000,350500,福建省/泉州市,quan zhou,q,1168
350502,鲤城区,鲤城,3,350500,350000,350500,福建省/泉州市/鲤城区,li cheng,l,1169
350503,丰泽区,丰泽,3,350500,350000,350500,福建省/泉州市/丰泽区,feng ze,f,1170
350504,洛江区,洛江,3,350500,350000,350500,福建省/泉州市/洛江区,luo jiang,l,1171
350505,泉港区,泉港,3,350500,350000,350500,福建省/泉州市/泉港区,quan gang,q,1172
350521,惠安县,惠安,3,350500,350000,350500,福建省/泉州市/惠安县,hui an,h,1173
350524,安溪县,安溪,3,350500,350000,350500,福建省/泉州市/安溪县,an xi,a,1174
350525,永春县,永春,3,350500,350000,350500,福建省/泉州市/永春县,yong chun,y,1175
350526,德化县,德化,3,350500,350000,350500,福建省/泉州市/德化县,de hua,d,1176
350527,金门县,金门,3,350500,350000,350500,福建省/泉州市/金门县,jin men,j,1177
350581,石狮市,石狮,3,350500,350000,350500,福建省/泉州市/石狮市,shi shi,s,1178
350582,晋江市,晋江,3,350500,350000,350500,福建省/泉州市/晋江市,jin jiang,j,1179
350583,南安市,南安,3,350500,350000,350500,福建省/泉州市/南安市,nan an,n,1180
350600,漳州市,漳州,2,350000,350000,350600,福建省/漳州市,zhang zhou,z,1181
350602,芗城区,芗城,3,350600,350000,350600,福建省/漳州市/芗城区,xiang cheng,x,1182
350603,龙文区,龙文,3,350600,350000,350600,福建省/漳州市/龙文区,long wen,l,1183
350604,龙海区,龙海,3,350600,350000,350600,福建省/漳州市/龙海区,long hai,l,1184
350605,长泰区,长泰,3,350600,350000,350600,福建省/漳州市/长泰区,chang tai,c,1185
350622,云霄县,云霄,3,350600,350000,350600,福建省/漳州市/云霄县,yun xiao,y,1186
350623,漳浦县,漳浦,3,350600,350000,350600,福建省/漳州市/漳浦县,zhang pu,z,1187
350624,诏安县,诏安,3,350600,350000,350600,福建省/漳州市/诏安县,zhao an,z,1188
350626,东山县,东山,3,350600,350000,350600,福建省/漳州市/东山县,dong shan,d,1189
350627,南靖县,南靖,3,350600,350000,350600,福建省/漳州市/南靖县,nan jing,n,1190
350628,平和县,平和,3,350600,350000,350600,福建省/漳州市/平和县,ping he,p,1191
350629,华安县,华安,3,350600,350000,350600,福建省/漳州市/华安县,hua an,h,1192
350700,南平市,南平,2,350000,350000,350700,福建省/南平市,nan ping,n,1193
350702,延平区,延平,3,350700,350000,350700,福建省/南平市/延平区,yan ping,y,1194
350703,建阳区,建阳,3,350700,350000,350700,福建省/南平市/建阳区,jian yang,j,1195
350721,顺昌县,顺昌,3,350700,350000,350700,福建省/南平市/顺昌县,shun chang,s,1196
350722,浦城县,浦城,3,350700,350000,350700,福建省/南平市/浦城县,pu cheng,p,1197
350723,光泽县,光泽,3,350700,350000,350700,福建省/南平市/光泽县,guang ze,g,1198
350724,松溪县,松溪,3,350700,350000,350700,福建省/南平市/松溪县,song xi,s,1199
350725,政和县,政和,3,350700,350000,350700,福建省/南平市/政和县,zheng he,z,1200
350781,邵武市,邵武,3,350700,350000,350700,福建省/南平市/邵武市,shao wu,s,1201
350782,武夷山市,武夷山,3,350700,350000,350700,福建省/南平市/武夷山市,wu yi shan,w,1202
350783,建瓯市,建瓯,3,350700,350000,350700,福建省/南平市/建瓯市,jian ou,j,1203
350800,龙岩市,龙岩,2,350000,350000,350800,福建省/龙岩市,long yan,l,1204
350802,新罗区,新罗,3,350800,350000,350800,福建省/龙岩市/新罗区,xin luo,x,1205
350803,永定区,永定,3,350800,350000,350800,福建省/龙岩市/永定区,yong ding,y,1206
350821,长汀县,长汀,3,350800,350000,350800,福建省/龙岩市/长汀县,chang ting,c,1207
350823,上杭县,上杭,3,350800,350000,350800,福建省/龙岩市/上杭县,shang hang,s,1208
350824,武平县,武平,3,350800,350000,350800,福建省/龙岩市/武平县,wu ping,w,1209
350825,连城县,连城,3,350800,350000,350800,福建省/龙岩市/连城县,lian cheng,l,1210
350881,漳平市,漳平,3,350800,350000,350800,福建省/龙岩市/漳平市,zhang ping,z,1211
350900,宁德市,宁德,2,350000,350000,350900,福建省/宁德市,ning de,n,1212
350902,蕉城区,蕉城,3,350900,350000,350900,福建省/宁德市/蕉城区,jiao cheng,j,1213
350921,霞浦县,霞浦,3,350900,350000,350900,福建省/宁德市/霞浦县,xia pu,x,1214
350922,古田县,古田,3,350900,350000,350900,福建省/宁德市/古田县,gu tian,g,1215
350923,屏南县,屏南,3,350900,350000,350900,福建省/宁德市/屏南县,ping nan,p,1216
350924,寿宁县,寿宁,3,350900,350000,350900,福建省/宁德市/寿宁县,shou ning,s,1217
350925,周宁县,周宁,3,350900,350000,350900,福建省/宁德市/周宁县,zhou ning,z,1218
350926,柘荣县,柘荣,3,350900,350000,350900,福建省/宁德市/柘荣县,zhe rong,z,1219
350981,福安市,福安,3,350900,350000,350900,福建省/宁德市/福安市,fu an,f,1220
350982,福鼎市,福鼎,3,350900,350000,350900,福建省/宁德市/福鼎市,fu ding,f,1221
360000,江西省,江西,1,,360000,,江西省,jiang xi,j,1222
360100,南昌市,南昌,2,360000,360000,360100,江西省/南昌市,nan chang,n,1223
360102,东湖区,东湖,3,360100,360000,360100,江西省/南昌市/东湖区,dong hu,d,1224
360103,西湖区,西湖,3,360100,360000,360100,江西省/南昌市/西湖区,xi hu,x,1225
360104,青云谱区,青云谱,3,360100,360000,360100,江西省/南昌市/青云谱区,qing yun pu,q,1226
360111,青山湖区,青山湖,3,360100,360000,360100,江西省/南昌市/青山湖区,qing shan hu,q,1227
360112,新建区,新建,3,360100,360000,360100,江西省/南昌市/新建区,xin jian,x,1228
360113,红谷滩区,红谷滩,3,360100,360000,360100,江西省/南昌市/红谷滩区,hong gu tan,h,1229
360121,南昌县,南昌县,3,360100,360000,360100,江西省/南昌市/南昌县,nan chang xian,n,1230
360123,安义县,安义,3,360100,360000,360100,江西省/南昌市/安义县,an yi,a,1231
360124,进贤县,进贤,3,360100,360000,360100,江西省/南昌市/进贤县,jin xian,j,1232
360200,景德镇市,景德镇,2,360000,360000,360200,江西省/景德镇市,jing de zhen,j,1233
360202,昌江区,昌江,3,360200,360000,360200,江西省/景德镇市/昌江区,chang jiang,c,1234
360203,珠山区,珠山,3,360200,360000,360200,江西省/景德镇市/珠山区,zhu shan,z,1235
360222,浮梁县,浮梁,3,360200,360000,360200,江西省/景德镇市/浮梁县,fu liang,f,1236
360281,乐平市,乐平,3,360200,360000,360200,江西省/景德镇市/乐平市,le ping,l,1237
360300,萍乡市,萍乡,2,360000,360000,360300,江西省/萍乡市,ping xiang,p,1238
360302,安源区,安源,3,360300,360000,360300,江西省/萍乡市/安源区,an yuan,a,1239
360313,湘东区,湘东,3,360300,360000,360300,江西省/萍乡市/湘东区,xiang dong,x,1240
360321,莲花县,莲花,3,360300,360000,360300,江西省/萍乡市/莲花县,lian hua,l,1241
360322,上栗县,上栗,3,360300,360000,360300,江西省/萍乡市/上栗县,shang li,s,1242
360323,芦溪县,芦溪,3,360300,360000,360300,江西省/萍乡市/芦溪县,lu xi,l,1243
360400,九江市,九江,2,360000,360000,360400,江西省/九江市,jiu jiang,j,1244
360402,濂溪区,濂溪,3,360400,360000,360400,江西省/九江市/濂溪区,lian xi,l,1245
360403,浔阳区,浔阳,3,360400,360000,360400,江西省/九江市/浔阳区,xun yang,x,1246
360404,柴桑区,柴桑,3,360400,360000,360400,江西省/九江市/柴桑区,chai sang,c,1247
360423,武宁县,武宁,3,360400,360000,360400,江西省/九江市/武宁县,wu ning,w,1248
360424,修水县,修水,3,360400,360000,360400,江西省/九江市/修水县,xiu shui,x,1249
360425,永修县,永修,3,360400,360000,360400,江西省/九江市/永修县,yong xiu,y,1250
360426,德安县,德安,3,360400,360000,360400,江西省/九江市/德安县,de an,d,1251
360428,都昌县,都昌,3,360400,360000,360400,江西省/九江市/都昌县,du chang,d,1252
360429,湖口县,湖口,3,360400,360000,360400,江西省/九江市/湖口县,hu kou,h,1253
360430,彭泽县,彭泽,3,360400,360000,360400,江西省/九江市/彭泽县,peng ze,p,1254
360481,瑞昌市,瑞昌,3,360400,360000,360400,江西省/九江市/瑞昌市,rui chang,r,1255
360482,共青城市,共青城,3,360400,360000,360400,江西省/九江市/共青城市,gong qing cheng,g,1256
360483,庐山市,庐山,3,360400,360000,360400,江西省/九江市/庐山市,lu shan,l,1257
360500,新余市,新余,2,360000,360000,360500,江西省/新余市,xin yu,x,1258
360502,渝水区,渝水,3,360500,360000,360500,江西省/新余市/渝水区,yu shui,y,1259
360521,分宜县,分宜,3,360500,360000,360500,江西省/新余市/分宜县,fen yi,f,1260
360600,鹰潭市,鹰潭,2,360000,360000,360600,江西省/鹰潭市,ying tan,y,1261
360602,月湖区,月湖,3,360600,360000,360600,江西省/鹰潭市/月湖区,yue hu,y,1262
360603,余江区,余江,3,360600,360000,360600,江西省/鹰潭市/余江区,yu jiang,y,1263
360681,贵溪市,贵溪,3,360600,360000,360600,江西省/鹰潭市/贵溪市,gui xi,g,1264
360700,赣州市,赣州,2,360000,360000,360700,江西省/赣州市,gan zhou,g,1265
360702,章贡区,章贡,3,360700,360000,360700,江西省/赣州市/章贡区,zhang gong,z,1266
360703,南康区,南康,3,360700,360000,360700,江西省/赣州市/南康区,nan kang,n,1267
360704,赣县区,赣县,3,360700,360000,360700,江西省/赣州市/赣县区,gan xian,g,1268
360722,信丰县,信丰,3,360700,360000,360700,江西省/赣州市/信丰县,xin feng,x,1269
360723,大余县,大余,3,360700,360000,360700,江西省/赣州市/大余县,da yu,d,1270
360724,上犹县,上犹,3,360700,360000,360700,江西省/赣州市/上犹县,shang you,s,1271
360725,崇义县,崇义,3,360700,360000,360700,江西省/赣州市/崇义县,chong yi,c,1272
360726,安远县,安远,3,360700,360000,360700,江西省/赣州市/安远县,an yuan,a,1273
360728,定南县,定南,3,360700,360000,360700,江西省/赣州市/定南县,ding nan,d,1274
360729,全南县,全南,3,360700,360000,360700,江西省/赣州市/全南县,quan nan,q,1275
360730,宁都县,宁都,3,360700,360000,360700,江西省/赣州市/宁都县,ning du,n,1276
360731,于都县,于都,3,360700,360000,360700,江西省/赣州市/于都县,yu du,y,1277
360732,兴国县,兴国,3,360700,360000,360700,江西省/赣州市/兴国县,xing guo,x,1278
360733,会昌县,会昌,3,360700,360000,360700,江西省/赣州市/会昌县,hui chang,h,1279
360734,寻乌县,寻乌,3,360700,360000,360700,江西省/赣州市/寻乌县,xun wu,x,1280
360735,石城县,石城,3,360700,360000,360700,江西省/赣州市/石城县,shi cheng,s,1281
360781,瑞金市,瑞金,3,360700,360000,360700,江西省/赣州市/瑞金市,rui jin,r,1282
360783,龙南市,龙南,3,360700,360000,360700,江西省/赣州市/龙南市,long nan,l,1283
360800,吉安市,吉安,2,360000,360000,360800,江西省/吉安市,ji an,j,1284
360802,吉州区,吉州,3,360800,360000,360800,江西省/吉安市/吉州区,ji zhou,j,1285
360803,青原区,青原,3,360800,360000,360800,江西省/吉安市/青原区,qing yuan,q,1286
360821,吉安县,吉安县,3,360800,360000,360800,江西省/吉安市/吉安县,ji an xian,j,1287
360822,吉水县,吉水,3,360800,360000,360800,江西省/吉安市/吉水县,ji shui,j,1288
360823,峡江县,峡江,3,360800,360000,360800,江西省/吉安市/峡江县,xia jiang,x,1289
360824,新干县,新干,3,360800,360000,360800,江西省/吉安市/新干县,xin gan,x,1290
360825,永丰县,永丰,3,360800,360000,360800,江西省/吉安市/永丰县,yong feng,y,1291
360826,泰和县,泰和,3,360800,360000,360800,江西省/吉安市/泰和县,tai he,t,1292
360827,遂川县,遂川,3,360800,360000,360800,江西省/吉安市/遂川县,sui chuan,s,1293
360828,万安县,万安,3,360800,360000,360800,江西省/吉安市/万安县,wan an,w,1294
360829,安福县,安福,3,360800,360000,360800,江西省/吉安市/安福县,an fu,a,1295
360830,永新县,永新,3,360800,360000,360800,江西省/吉安市/永新县,yong xin,y,1296
360881,井冈山市,井冈山,3,360800,360000,360800,江西省/吉安市/井冈山市,jing gang shan,j,1297
360900,宜春市,宜春,2,360000,360000,360900,江西省/宜春市,yi chun,y,1298
360902,袁州区,袁州,3,360900,360000,360900,江西省/宜春市/袁州区,yuan zhou,y,1299
360921,奉新县,奉新,3,360900,360000,360900,江西省/宜春市/奉新县,feng xin,f,1300
360922,万载县,万载,3,360900,360000,360900,江西省/宜春市/万载县,wan zai,w,1301
360923,上高县,上高,3,360900,360000,360900,江西省/宜春市/上高县,shang gao,s,1302
360924,宜丰县,宜丰,3,360900,360000,360900,江西省/宜春市/宜丰县,yi feng,y,1303
360925,靖安县,靖安,3,360900,360000,360900,江西省/宜春市/靖安县,jing an,j,1304
360926,铜鼓县,铜鼓,3,360900,360000,360900,江西省/宜春市/铜鼓县,tong gu,t,1305
360981,丰城市,丰城,3,360900,360000,360900,江西省/宜春市/丰城市,feng cheng,f,1306
360982,樟树市,樟树,3,360900,360000,360900,江西省/宜春市/樟树市,zhang shu,z,1307
360983,高安市,高安,3,360900,360000,360900,江西省/宜春市/高安市,gao an,g,1308
361000,抚州市,抚州,2,360000,360000,361000,江西省/抚州市,fu zhou,f,1309
361002,临川区,临川,3,361000,360000,361000,江西省/抚州市/临川区,lin chuan,l,1310
361003,东乡区,东乡,3,361000,360000,361000,江西省/抚州市/东乡区,dong xiang,d,1311
361021,南城县,南城,3,361000,360000,361000,江西省/抚州市/南城县,nan cheng,n,1312
361022,黎川县,黎川,3,361000,360000,361000,江西省/抚州市/黎川县,li chuan,l,1313
361023,南丰县,南丰,3,361000,360000,361000,江西省/抚州市/南丰县,nan feng,n,1314
361024,崇仁县,崇仁,3,361000,360000,361000,江西省/抚州市/崇仁县,chong ren,c,1315
361025,乐安县,乐安,3,361000,360000,361000,江西省/抚州市/乐安县,le an,l,1316
361026,宜黄县,宜黄,3,361000,360000,361000,江西省/抚州市/宜黄县,yi huang,y,1317
361027,金溪县,金溪,3,361000,360000,361000,江西省/抚州市/金溪县,jin xi,j,1318
361028,资溪县,资溪,3,361000,360000,361000,江西省/抚州市/资溪县,zi xi,z,1319
361030,广昌县,广昌,3,361000,360000,361000,江西省/抚州市/广昌县,guang chang,g,1320
361100,上饶市,上饶,2,360000,360000,361100,江西省/上饶市,shang rao,s,1321
361102,信州区,信州,3,361100,360000,361100,江西省/上饶市/信州区,xin zhou,x,1322
361103,广丰区,广丰,3,361100,360000,361100,江西省/上饶市/广丰区,guang feng,g,1323
361104,广信区,广信,3,361100,360000,361100,江西省/上饶市/广信区,guang xin,g,1324
361123,玉山县,玉山,3,361100,360000,361100,江西省/上饶市/玉山县,yu shan,y,1325
361124,铅山县,铅山,3,361100,360000,361100,江西省/上饶市/铅山县,yan shan,y,1326
361125,横峰县,横峰,3,361100,360000,361100,江西省/上饶市/横峰县,heng feng,h,1327
361126,弋阳县,弋阳,3,361100,360000,361100,江西省/上饶市/弋阳县,yi yang,y,1328
361127,余干县,余干,3,361100,360000,361100,江西省/上饶市/余干县,yu gan,y,1329
361128,鄱阳县,鄱阳,3,361100,360000,361100,江西省/上饶市/鄱阳县,po yang,p,1330
361129,万年县,万年,3,361100,360000,361100,江西省/上饶市/万年县,wan nian,w,1331
361130,婺源县,婺源,3,361100,360000,361100,江西省/上饶市/婺源县,wu yuan,w,1332
361181,德兴市,德兴,3,361100,360000,361100,江西省/上饶市/德兴市,de xing,d,1333
370000,山东省,山东,1,,370000,,山东省,shan dong,s,1334
370100,济南市,济南,2,370000,370000,370100,山东省/济南市,ji nan,j,1335
370102,历下区,历下,3,370100,370000,370100,山东省/济南市/历下区,li xia,l,1336
370103,市中区,市中,3,370100,370000,370100,山东省/济南市/市中区,shi zhong,s,1337
370104,槐荫区,槐荫,3,370100,370000,370100,山东省/济南市/槐荫区,huai yin,h,1338
370105,天桥区,天桥,3,370100,370000,370100,山东省/济南市/天桥区,tian qiao,t,1339
370112,历城区,历城,3,370100,370000,370100,山东省/济南市/历城区,li cheng,l,1340
370113,长清区,长清,3,370100,370000,370100,山东省/济南市/长清区,chang qing,c,1341
370114,章丘区,章丘,3,370100,370000,370100,山东省/济南市/章丘区,zhang qiu,z,1342
370115,济阳区,济阳,3,370100,370000,370100,山东省/济南市/济阳区,ji yang,j,1343
370116,莱芜区,莱芜,3,370100,370000,370100,山东省/济南市/莱芜区,lai wu,l,1344
370117,钢城区,钢城,3,370100,370000,370100,山东省/济南市/钢城区,gang cheng,g,1345
370124,平阴县,平阴,3,370100,370000,370100,山东省/济南市/平阴县,ping yin,p,1346
370126,商河县,商河,3,370100,370000,370100,山东省/济南市/商河县,shang he,s,1347
370200,青岛市,青岛,2,370000,370000,370200,山东省/青岛市,qing dao,q,1348
370202,市南区,市南,3,370200,370000,370200,山东省/青岛市/市南区,shi nan,s,1349
370203,市北区,市北,3,370200,370000,370200,山东省/青岛市/市北区,shi bei,s,1350
370211,黄岛区,黄岛,3,370200,370000,370200,山东省/青岛市/黄岛区,huang dao,h,1351
370212,崂山区,崂山,3,370200,370000,370200,山东省/青岛市/崂山区,lao shan,l,1352
370213,李沧区,李沧,3,370200,370000,370200,山东省/青岛市/李沧区,li cang,l,1353
370214,城阳区,城阳,3,370200,370000,370200,山东省/青岛市/城阳区,cheng yang,c,1354
370215,即墨区,即墨,3,370200,370000,370200,山东省/青岛市/即墨区,ji mo,j,1355
370281,胶州市,胶州,3,370200,370000,370200,山东省/青岛市/胶州市,jiao zhou,j,1356
370283,平度市,平度,3,370200,370000,370200,山东省/青岛市/平度市,ping du,p,1357
370285,莱西市,莱西,3,370200,370000,370200,山东省/青岛市/莱西市,lai xi,l,1358
370300,淄博市,淄博,2,370000,370000,370300,山东省/淄博市,zi bo,z,1359
370302,淄川区,淄川,3,370300,370000,370300,山东省/淄博市/淄川区,zi chuan,z,1360
370303,张店区,张店,3,370300,370000,370300,山东省/淄博市/张店区,zhang dian,z,1361
370304,博山区,博山,3,370300,370000,370300,山东省/淄博市/博山区,bo shan,b,1362
370305,临淄区,临淄,3,370300,370000,370300,山东省/淄博市/临淄区,lin zi,l,1363
370306,周村区,周村,3,370300,370000,370300,山东省/淄博市/周村区,zhou cun,z,1364
370321,桓台县,桓台,3,370300,370000,370300,山东省/淄博市/桓台县,huan tai,h,1365
370322,高青县,高青,3,370300,370000,370300,山东省/淄博市/高青县,gao qing,g,1366
370323,沂源县,沂源,3,370300,370000,370300,山东省/淄博市/沂源县,yi yuan,y,1367
370400,枣庄市,枣庄,2,370000,370000,370400,山东省/枣庄市,zao zhuang,z,1368
370402,市中区,市中,3,370400,370000,370400,山东省/枣庄市/市中区,shi zhong,s,1369
370403,薛城区,薛城,3,370400,370000,370400,山东省/枣庄市/薛城区,xue cheng,x,1370
370404,峄城区,峄城,3,370400,370000,370400,山东省/枣庄市/峄城区,yi cheng,y,1371
370405,台儿庄区,台儿庄,3,370400,370000,370400,山东省/枣庄市/台儿庄区,tai er zhuang,t,1372
370406,山亭区,山亭,3,370400,370000,370400,山东省/枣庄市/山亭区,shan ting,s,1373
370481,滕州市,滕州,3,370400,370000,370400,山东省/枣庄市/滕州市,teng zhou,t,1374
370500,东营市,东营,2,370000,370000,370500,山东省/东营市,dong ying,d,1375
370502,东营区,东营区,3,370500,370000,370500,山东省/东营市/东营区,dong ying qu,d,1376
370503,河口区,河口,3,370500,370000,370500,山东省/东营市/河口区,he kou,h,1377
370505,垦利区,垦利,3,370500,370000,370500,山东省/东营市/垦利区,ken li,k,1378
370522,利津县,利津,3,370500,370000,370500,山东省/东营市/利津县,li jin,l,1379
370523,广饶县,广饶,3,370500,370000,370500,山东省/东营市/广饶县,guang rao,g,1380
370600,烟台市,烟台,2,370000,370000,370600,山东省/烟台市,yan tai,y,1381
370602,芝罘区,芝罘,3,370600,370000,370600,山东省/烟台市/芝罘区,zhi fu,z,1382
370611,福山区,福山,3,370600,370000,370600,山东省/烟台市/福山区,fu shan,f,1383
370612,牟平区,牟平,3,370600,370000,370600,山东省/烟台市/牟平区,mu ping,m,1384
370613,莱山区,莱山,3,370600,370000,370600,山东省/烟台市/莱山区,lai shan,l,1385
370614,蓬莱区,蓬莱,3,370600,370000,370600,山东省/烟台市/蓬莱区,peng lai,p,1386
370681,龙口市,龙口,3,370600,370000,370600,山东省/烟台市/龙口市,long kou,l,1387
370682,莱阳市,莱阳,3,370600,370000,370600,山东省/烟台市/莱阳市,lai yang,l,1388
370683,莱州市,莱州,3,370600,370000,370600,山东省/烟台市/莱州市,lai zhou,l,1389
370685,招远市,招远,3,370600,370000,370600,山东省/烟台市/招远市,zhao yuan,z,1390
370686,栖霞市,栖霞,3,370600,370000,370600,山东省/烟台市/栖霞市,qi xia,q,1391
370687,海阳市,海阳,3,370600,370000,370600,山东省/烟台市/海阳市,hai yang,h,1392
370700,潍坊市,潍坊,2,370000,370000,370700,山东省/潍坊市,wei fang,w,1393
370702,潍城区,潍城,3,370700,370000,370700,山东省/潍坊市/潍城区,wei cheng,w,1394
370703,寒亭区,寒亭,3,370700,370000,370700,山东省/潍坊市/寒亭区,han ting,h,1395
370704,坊子区,坊子,3,370700,370000,370700,山东省/潍坊市/坊子区,fang zi,f,1396
370705,奎文区,奎文,3,370700,370000,370700,山东省/潍坊市/奎文区,kui wen,k,1397
370724,临朐县,临朐,3,370700,370000,370700,山东省/潍坊市/临朐县,lin qu,l,1398
370725,昌乐县,昌乐,3,370700,370000,370700,山东省/潍坊市/昌乐县,chang le,c,1399
370781,青州市,青州,3,370700,370000,370700,山东省/潍坊市/青州市,qing zhou,q,1400
370782,诸城市,诸城,3,370700,370000,370700,山东省/潍坊市/诸城市,zhu cheng,z,1401
370783,寿光市,寿光,3,370700,370000,370700,山东省/潍坊市/寿光市,shou guang,s,1402
370784,安丘市,安丘,3,370700,370000,370700,山东省/潍坊市/安丘市,an qiu,a,1403
370785,高密市,高密,3,370700,370000,370700,山东省/潍坊市/高密市,gao mi,g,1404
370786,昌邑市,昌邑,3,370700,370000,370700,山东省/潍坊市/昌邑市,chang yi,c,1405
370800,济宁市,济宁,2,370000,370000,370800,山东省/济宁市,ji ning,j,1406
370811,任城区,任城,3,370800,370000,370800,山东省/济宁市/任城区,ren cheng,r,1407
370812,兖州区,兖州,3,370800,370000,370800,山东省/济宁市/兖州区,yan zhou,y,1408
370826,微山县,微山,3,370800,370000,370800,山东省/济宁市/微山县,wei shan,w,1409
370827,鱼台县,鱼台,3,370800,370000,370800,山东省/济宁市/鱼台县,yu tai,y,1410
370828,金乡县,金乡,3,370800,370000,370800,山东省/济宁市/金乡县,jin xiang,j,1411
370829,嘉祥县,嘉祥,3,370800,370000,370800,山东省/济宁市/嘉祥县,jia xiang,j,1412
370830,汶上县,汶上,3,370800,370000,370800,山东省/济宁市/汶上县,wen shang,w,1413
370831,泗水县,泗水,3,370800,370000,370800,山东省/济宁市/泗水县,si shui,s,1414
370832,梁山县,梁山,3,370800,370000,370800,山东省/济宁市/梁山县,liang shan,l,1415
370881,曲阜市,曲阜,3,370800,370000,370800,山东省/济宁市/曲阜市,qu fu,q,1416
370883,邹城市,邹城,3,370800,370000,370800,山东省/济宁市/邹城市,zou cheng,z,1417
370900,泰安市,泰安,2,370000,370000,370900,山东省/泰安市,tai an,t,1418
370902,泰山区,泰山,3,370900,370000,370900,山东省/泰安市/泰山区,tai shan,t,1419
370911,岱岳区,岱岳,3,370900,370000,370900,山东省/泰安市/岱岳区,dai yue,d,1420
370921,宁阳县,宁阳,3,370900,370000,370900,山东省/泰安市/宁阳县,ning yang,n,1421
370923,东平县,东平,3,370900,370000,370900,山东省/泰安市/东平县,dong ping,d,1422
370982,新泰市,新泰,3,370900,370000,370900,山东省/泰安市/新泰市,xin tai,x,1423
370983,肥城市,肥城,3,370900,370000,370900,山东省/泰安市/肥城市,fei cheng,f,1424
371000,威海市,威海,2,370000,370000,371000,山东省/威海市,wei hai,w,1425
371002,环翠区,环翠,3,371000,370000,371000,山东省/威海市/环翠区,huan cui,h,1426
371003,文登区,文登,3,371000,370000,371000,山东省/威海市/文登区,wen deng,w,1427
371082,荣成市,荣成,3,371000,370000,371000,山东省/威海市/荣成市,rong cheng,r,1428
371083,乳山市,乳山,3,371000,370000,371000,山东省/威海市/乳山市,ru shan,r,1429
371100,日照市,日照,2,370000,370000,371100,山东省/日照市,ri zhao,r,1430
371102,东港区,东港,3,371100,370000,371100,山东省/日照市/东港区,dong gang,d,1431
371103,岚山区,岚山,3,371100,370000,371100,山东省/日照市/岚山区,lan shan,l,1432
371121,五莲县,五莲,3,371100,370000,371100,山东省/日照市/五莲县,wu lian,w,1433
371122,莒县,莒县,3,371100,370000,371100,山东省/日照市/莒县,ju xian,j,1434
371300,临沂市,临沂,2,370000,370000,371300,山东省/临沂市,lin yi,l,1435
371302,兰山区,兰山,3,371300,370000,371300,山东省/临沂市/兰山区,lan shan,l,1436
371311,罗庄区,罗庄,3,371300,370000,371300,山东省/临沂市/罗庄区,luo zhuang,l,1437
371312,河东区,河东,3,371300,370000,371300,山东省/临沂市/河东区,he dong,h,1438
371321,沂南县,沂南,3,371300,370000,371300,山东省/临沂市/沂南县,yi nan,y,1439
371322,郯城县,郯城,3,371300,370000,371300,山东省/临沂市/郯城县,tan cheng,t,1440
371323,沂水县,沂水,3,371300,370000,371300,山东省/临沂市/沂水县,yi shui,y,1441
371324,兰陵县,兰陵,3,371300,370000,371300,山东省/临沂市/兰陵县,lan ling,l,1442
371325,费县,费县,3,371300,370000,371300,山东省/临沂市/费县,fei xian,f,1443
371326,平邑县,平邑,3,371300,370000,371300,山东省/临沂市/平邑县,ping yi,p,1444
371327,莒南县,莒南,3,371300,370000,371300,山东省/临沂市/莒南县,ju nan,j,1445
371328,蒙阴县,蒙阴,3,371300,370000,371300,山东省/临沂市/蒙阴县,meng yin,m,1446
371329,临沭县,临沭,3,371300,370000,371300,山东省/临沂市/临沭县,lin shu,l,1447
371400,德州市,德州,2,370000,370000,371400,山东省/德州市,de zhou,d,1448
371402,德城区,德城,3,371400,370000,371400,山东省/德州市/德城区,de cheng,d,1449
371403,陵城区,陵城,3,371400,370000,371400,山东省/德州市/陵城区,ling cheng,l,1450
371422,宁津县,宁津,3,371400,370000,371400,山东省/德州市/宁津县,ning jin,n,1451
371423,庆云县,庆云,3,371400,370000,371400,山东省/德州市/庆云县,qing yun,q,1452
371424,临邑县,临邑,3,371400,370000,371400,山东省/德州市/临邑县,lin yi,l,1453
371425,齐河县,齐河,3,371400,370000,371400,山东省/德州市/齐河县,qi he,q,1454
371426,平原县,平原,3,371400,370000,371400,山东省/德州市/平原县,ping yuan,p,1455
371427,夏津县,夏津,3,371400,370000,371400,山东省/德州市/夏津县,xia jin,x,1456
371428,武城县,武城,3,371400,370000,371400,山东省/德州市/武城县,wu cheng,w,1457
371481,乐陵市,乐陵,3,371400,370000,371400,山东省/德州市/乐陵市,lao ling,l,1458
371482,禹城市,禹城,3,371400,370000,371400,山东省/德州市/禹城市,yu cheng,y,1459
371500,聊城市,聊城,2,370000,370000,371500,山东省/聊城市,liao cheng,l,1460
371502,东昌府区,东昌府,3,371500,370000,371500,山东省/聊城市/东昌府区,dong chang fu,d,1461
371503,茌平区,茌平,3,371500,370000,371500,山东省/聊城市/茌平区,chi ping,c,1462
371521,阳谷县,阳谷,3,371500,370000,371500,山东省/聊城市/阳谷县,yang gu,y,1463
371522,莘县,莘县,3,371500,370000,371500,山东省/聊城市/莘县,shen xian,s,1464
371524,东阿县,东阿,3,371500,370000,371500,山东省/聊城市/东阿县,dong e,d,1465
371525,冠县,冠县,3,371500,370000,371500,山东省/聊城市/冠县,guan xian,g,1466
371526,高唐县,高唐,3,371500,370000,371500,山东省/聊城市/高唐县,gao tang,g,1467
371581,临清市,临清,3,371500,370000,371500,山东省/聊城市/临清市,lin qing,l,1468
371600,滨州市,滨州,2,370000,370000,371600,山东省/滨州市,bin zhou,b,1469
371602,滨城区,滨城,3,371600,370000,371600,山东省/滨州市/滨城区,bin cheng,b,1470
371603,沾化区,沾化,3,371600,370000,371600,山东省/滨州市/沾化区,zhan hua,z,1471
371621,惠民县,惠民,3,371600,370000,371600,山东省/滨州市/惠民县,hui min,h,1472
371622,阳信县,阳信,3,371600,370000,371600,山东省/滨州市/阳信县,yang xin,y,1473
371623,无棣县,无棣,3,371600,370000,371600,山东省/滨州市/无棣县,wu di,w,1474
371625,博兴县,博兴,3,371600,370000,371600,山东省/滨州市/博兴县,bo xing,b,1475
371681,邹平市,邹平,3,371600,370000,371600,山东省/滨州市/邹平市,zou ping,z,1476
371700,菏泽市,菏泽,2,370000,370000,371700,山东省/菏泽市,he ze,h,1477
371702,牡丹区,牡丹,3,371700,370000,371700,山东省/菏泽市/牡丹区,mu dan,m,1478
371703,定陶区,定陶,3,371700,370000,371700,山东省/菏泽市/定陶区,ding tao,d,1479
371721,曹县,曹县,3,371700,370000,371700,山东省/菏泽市/曹县,cao xian,c,1480
371722,单县,单县,3,371700,370000,371700,山东省/菏泽市/单县,shan xian,s,1481
371723,成武县,成武,3,371700,370000,371700,山东省/菏泽市/成武县,cheng wu,c,1482
371724,巨野县,巨野,3,371700,370000,371700,山东省/菏泽市/巨野县,ju ye,j,1483
371725,郓城县,郓城,3,371700,370000,371700,山东省/菏泽市/郓城县,yun cheng,y,1484
371726,鄄城县,鄄城,3,371700,370000,371700,山东省/菏泽市/鄄城县,juan cheng,j,1485
371728,东明县,东明,3,371700,370000,371700,山东省/菏泽市/东明县,dong ming,d,1486
410000,河南省,河南,1,,410000,,河南省,he nan,h,1487
410100,郑州市,郑州,2,410000,410000,410100,河南省/郑州市,zheng zhou,z,1488
410102,中原区,中原,3,410100,410000,410100,河南省/郑州市/中原区,zhong yuan,z,1489
410103,二七区,二七,3,410100,410000,410100,河南省/郑州市/二七区,er qi,e,1490
410104,管城回族区,管城,3,410100,410000,410100,河南省/郑州市/管城回族区,guan cheng,g,1491
410105,金水区,金水,3,410100,410000,410100,河南省/郑州市/金水区,jin shui,j,1492
410106,上街区,上街,3,410100,410000,410100,河南省/郑州市/上街区,shang jie,s,1493
410108,惠济区,惠济,3,410100,410000,410100,河南省/郑州市/惠济区,hui ji,h,1494
410122,中牟县,中牟,3,410100,410000,410100,河南省/郑州市/中牟县,zhong mu,z,1495
410181,巩义市,巩义,3,410100,410000,410100,河南省/郑州市/巩义市,gong yi,g,1496
410182,荥阳市,荥阳,3,410100,410000,410100,河南省/郑州市/荥阳市,xing yang,x,1497
410183,新密市,新密,3,410100,410000,410100,河南省/郑州市/新密市,xin mi,x,1498
410184,新郑市,新郑,3,410100,410000,410100,河南省/郑州市/新郑市,xin zheng,x,1499
410185,登封市,登封,3,410100,410000,410100,河南省/郑州市/登封市,deng feng,d,1500
410200,开封市,开封,2,410000,410000,410200,河南省/开封市,kai feng,k,1501
410202,龙亭区,龙亭,3,410200,410000,410200,河南省/开封市/龙亭区,long ting,l,1502
410203,顺河回族区,顺河,3,410200,410000,410200,河南省/开封市/顺河回族区,shun he,s,1503
410204,鼓楼区,鼓楼,3,410200,410000,410200,河南省/开封市/鼓楼区,gu lou,g,1504
410205,禹王台区,禹王台,3,410200,410000,410200,河南省/开封市/禹王台区,yu wang tai,y,1505
410212,祥符区,祥符,3,410200,410000,410200,河南省/开封市/祥符区,xiang fu,x,1506
410221,杞县,杞县,3,410200,410000,410200,河南省/开封市/杞县,qi xian,q,1507
410222,通许县,通许,3,410200,410000,410200,河南省/开封市/通许县,tong xu,t,1508
410223,尉氏县,尉氏,3,410200,410000,410200,河南省/开封市/尉氏县,wei shi,w,1509
410225,兰考县,兰考,3,410200,410000,410200,河南省/开封市/兰考县,lan kao,l,1510
410300,洛阳市,洛阳,2,410000,410000,410300,河南省/洛阳市,luo yang,l,1511
410302,老城区,老城,3,410300,410000,410300,河南省/洛阳市/老城区,lao cheng,l,1512
410303,西工区,西工,3,410300,410000,410300,河南省/洛阳市/西工区,xi gong,x,1513
410304,瀍河回族区,瀍河,3,410300,410000,410300,河南省/洛阳市/瀍河回族区,chan he,c,1514
410305,涧西区,涧西,3,410300,410000,410300,河南省/洛阳市/涧西区,jian xi,j,1515
410307,偃师区,偃师,3,410300,410000,410300,河南省/洛阳市/偃师区,yan shi,y,1516
410308,孟津区,孟津,3,410300,410000,410300,河南省/洛阳市/孟津区,meng jin,m,1517
410311,洛龙区,洛龙,3,410300,410000,410300,河南省/洛阳市/洛龙区,luo long,l,1518
410323,新安县,新安,3,410300,410000,410300,河南省/洛阳市/新安县,xin an,x,1519
410324,栾川县,栾川,3,410300,410000,410300,河南省/洛阳市/栾川县,luan chuan,l,1520
410325,嵩县,嵩县,3,410300,410000,410300,河南省/洛阳市/嵩县,song xian,s,1521
410326,汝阳县,汝阳,3,410300,410000,410300,河南省/洛阳市/汝阳县,ru yang,r,1522
410327,宜阳县,宜阳,3,410300,410000,410300,河南省/洛阳市/宜阳县,yi yang,y,1523
410328,洛宁县,洛宁,3,410300,410000,410300,河南省/洛阳市/洛宁县,luo ning,l,1524
410329,伊川县,伊川,3,410300,410000,410300,河南省/洛阳市/伊川县,yi chuan,y,1525
410400,平顶山市,平顶山,2,410000,410000,410400,河南省/平顶山市,ping ding shan,p,1526
410402,新华区,新华,3,410400,410000,410400,河南省/平顶山市/新华区,xin hua,x,1527
410403,卫东区,卫东,3,410400,410000,410400,河南省/平顶山市/卫东区,wei dong,w,1528
410404,石龙区,石龙,3,410400,410000,410400,河南省/平顶山市/石龙区,shi long,s,1529
410411,湛河区,湛河,3,410400,410000,410400,河南省/平顶山市/湛河区,zhan he,z,1530
410421,宝丰县,宝丰,3,410400,410000,410400,河南省/平顶山市/宝丰县,bao feng,b,1531
410422,叶县,叶县,3,410400,410000,410400,河南省/平顶山市/叶县,ye xian,y,1532
410423,鲁山县,鲁山,3,410400,410000,410400,河南省/平顶山市/鲁山县,lu shan,l,1533
410425,郏县,郏县,3,410400,410000,410400,河南省/平顶山市/郏县,jia xian,j,1534
410481,舞钢市,舞钢,3,410400,410000,410400,河南省/平顶山市/舞钢市,wu gang,w,1535
410482,汝州市,汝州,3,410400,410000,410400,河南省/平顶山市/汝州市,ru zhou,r,1536
410500,安阳市,安阳,2,410000,410000,410500,河南省/安阳市,an yang,a,1537
410502,文峰区,文峰,3,410500,410000,410500,河南省/安阳市/文峰区,wen feng,w,1538
410503,北关区,北关,3,410500,410000,410500,河南省/安阳市/北关区,bei guan,b,1539
410505,殷都区,殷都,3,410500,410000,410500,河南省/安阳市/殷都区,yin du,y,1540
410506,龙安区,龙安,3,410500,410000,410500,河南省/安阳市/龙安区,long an,l,1541
410522,安阳县,安阳县,3,410500,410000,410500,河南省/安阳市/安阳县,an yang xian,a,1542
410523,汤阴县,汤阴,3,410500,410000,410500,河南省/安阳市/汤阴县,tang yin,t,1543
410526,滑县,滑县,3,410500,410000,410500,河南省/安阳市/滑县,hua xian,h,1544
410527,内黄县,内黄,3,410500,410000,410500,河南省/安阳市/内黄县,nei huang,n,1545
410581,林州市,林州,3,410500,410000,410500,河南省/安阳市/林州市,lin zhou,l,1546
410600,鹤壁市,鹤壁,2,410000,410000,410600,河南省/鹤壁市,he bi,h,1547
410602,鹤山区,鹤山,3,410600,410000,410600,河南省/鹤壁市/鹤山区,he shan,h,1548
410603,山城区,山城,3,410600,410000,410600,河南省/鹤壁市/山城区,shan cheng,s,1549
410611,淇滨区,淇滨,3,410600,410000,410600,河南省/鹤壁市/淇滨区,qi bin,q,1550
410621,浚县,浚县,3,410600,410000,410600,河南省/鹤壁市/浚县,xun xian,x,1551
410622,淇县,淇县,3,410600,410000,410600,河南省/鹤壁市/淇县,qi xian,q,1552
410700,新乡市,新乡,2,410000,410000,410700,河南省/新乡市,xin xiang,x,1553
410702,红旗区,红旗,3,410700,410000,410700,河南省/新乡市/红旗区,hong qi,h,1554
410703,卫滨区,卫滨,3,410700,410000,410700,河南省/新乡市/卫滨区,wei bin,w,1555
410704,凤泉区,凤泉,3,410700,410000,410700,河南省/新乡市/凤泉区,feng quan,f,1556
410711,牧野区,牧野,3,410700,410000,410700,河南省/新乡市/牧野区,mu ye,m,1557
410721,新乡县,新乡县,3,410700,410000,410700,河南省/新乡市/新乡县,xin xiang xian,x,1558
410724,获嘉县,获嘉,3,410700,410000,410700,河南省/新乡市/获嘉县,huo jia,h,1559
410725,原阳县,原阳,3,410700,410000,410700,河南省/新乡市/原阳县,yuan yang,y,1560
410726,延津县,延津,3,410700,410000,410700,河南省/新乡市/延津县,yan jin,y,1561
410727,封丘县,封丘,3,410700,410000,410700,河南省/新乡市/封丘县,feng qiu,f,1562
410781,卫辉市,卫辉,3,410700,410000,410700,河南省/新乡市/卫辉市,wei hui,w,1563
410782,辉县市,辉县,3,410700,410000,410700,河南省/新乡市/辉县市,hui xian,h,1564
410783,长垣市,长垣,3,410700,410000,410700,河南省/新乡市/长垣市,chang yuan,c,1565
410800,焦作市,焦作,2,410000,410000,410800,河南省/焦作市,jiao zuo,j,1566
410802,解放区,解放,3,410800,410000,410800,河南省/焦作市/解放区,jie fang,j,1567
410803,中站区,中站,3,410800,410000,410800,河南省/焦作市/中站区,zhong zhan,z,1568
410804,马村区,马村,3,410800,410000,410800,河南省/焦作市/马村区,ma cun,m,1569
410811,山阳区,山阳,3,410800,410000,410800,河南省/焦作市/山阳区,shan yang,s,1570
410821,修武县,修武,3,410800,410000,410800,河南省/焦作市/修武县,xiu wu,x,1571
410822,博爱县,博爱,3,410800,410000,410800,河南省/焦作市/博爱县,bo ai,b,1572
410823,武陟县,武陟,3,410800,410000,410800,河南省/焦作市/武陟县,wu zhi,w,1573
410825,温县,温县,3,410800,410000,410800,河南省/焦作市/温县,wen xian,w,1574
410882,沁阳市,沁阳,3,410800,410000,410800,河南省/焦作市/沁阳市,qin yang,q,1575
410883,孟州市,孟州,3,410800,410000,410800,河南省/焦作市/孟州市,meng zhou,m,1576
410900,濮阳市,濮阳,2,410000,410000,410900,河南省/濮阳市,pu yang,p,1577
410902,华龙区,华龙,3,410900,410000,410900,河南省/濮阳市/华龙区,hua long,h,1578
410922,清丰县,清丰,3,410900,410000,410900,河南省/濮阳市/清丰县,qing feng,q,1579
410923,南乐县,南乐,3,410900,410000,410900,河南省/濮阳市/南乐县,nan le,n,1580
410926,范县,范县,3,410900,410000,410900,河南省/濮阳市/范县,fan xian,f,1581
410927,台前县,台前,3,410900,410000,410900,河南省/濮阳市/台前县,tai qian,t,1582
410928,濮阳县,濮阳县,3,410900,410000,410900,河南省/濮阳市/濮阳县,pu yang xian,p,1583
411000,许昌市,许昌,2,410000,410000,411000,河南省/许昌市,xu chang,x,1584
411002,魏都区,魏都,3,411000,410000,411000,河南省/许昌市/魏都区,wei du,w,1585
411003,建安区,建安,3,411000,410000,411000,河南省/许昌市/建安区,jian an,j,1586
411024,鄢陵县,鄢陵,3,411000,410000,411000,河南省/许昌市/鄢陵县,yan ling,y,1587
411025,襄城县,襄城,3,411000,410000,411000,河南省/许昌市/襄城县,xiang cheng,x,1588
411081,禹州市,禹州,3,411000,410000,411000,河南省/许昌市/禹州市,yu zhou,y,1589
411082,长葛市,长葛,3,411000,410000,411000,河南省/许昌市/长葛市,chang ge,c,1590
411100,漯河市,漯河,2,410000,410000,411100,河南省/漯河市,luo he,l,1591
411102,源汇区,源汇,3,411100,410000,411100,河南省/漯河市/源汇区,yuan hui,y,1592
411103,郾城区,郾城,3,411100,410000,411100,河南省/漯河市/郾城区,yan cheng,y,1593
411104,召陵区,召陵,3,411100,410000,411100,河南省/漯河市/召陵区,shao ling,s,1594
411121,舞阳县,舞阳,3,411100,410000,411100,河南省/漯河市/舞阳县,wu yang,w,1595
411122,临颍县,临颍,3,411100,410000,411100,河南省/漯河市/临颍县,lin ying,l,1596
411200,三门峡市,三门峡,2,410000,410000,411200,河南省/三门峡市,san men xia,s,1597
411202,湖滨区,湖滨,3,411200,410000,411200,河南省/三门峡市/湖滨区,hu bin,h,1598
411203,陕州区,陕州,3,411200,410000,411200,河南省/三门峡市/陕州区,shan zhou,s,1599
411221,渑池县,渑池,3,411200,410000,411200,河南省/三门峡市/渑池县,mian chi,m,1600
411224,卢氏县,卢氏,3,411200,410000,411200,河南省/三门峡市/卢氏县,lu shi,l,1601
411281,义马市,义马,3,411200,410000,411200,河南省/三门峡市/义马市,yi ma,y,1602
411282,灵宝市,灵宝,3,411200,410000,411200,河南省/三门峡市/灵宝市,ling bao,l,1603
411300,南阳市,南阳,2,410000,410000,411300,河南省/南阳市,nan yang,n,1604
411302,宛城区,宛城,3,411300,410000,411300,河南省/南阳市/宛城区,wan cheng,w,1605
411303,卧龙区,卧龙,3,411300,410000,411300,河南省/南阳市/卧龙区,wo long,w,1606
411321,南召县,南召,3,411300,410000,411300,河南省/南阳市/南召县,nan zhao,n,1607
411322,方城县,方城,3,411300,410000,411300,河南省/南阳市/方城县,fang cheng,f,1608
411323,西峡县,西峡,3,411300,410000,411300,河南省/南阳市/西峡县,xi xia,x,1609
411324,镇平县,镇平,3,411300,410000,411300,河南省/南阳市/镇平县,zhen ping,z,1610
411325,内乡县,内乡,3,411300,410000,411300,河南省/南阳市/内乡县,nei xiang,n,1611
411326,淅川县,淅川,3,411300,410000,411300,河南省/南阳市/淅川县,xi chuan,x,1612
411327,社旗县,社旗,3,411300,410000,411300,河南省/南阳市/社旗县,she qi,s,1613
411328,唐河县,唐河,3,411300,410000,411300,河南省/南阳市/唐河县,tang he,t,1614
411329,新野县,新野,3,411300,410000,411300,河南省/南阳市/新野县,xin ye,x,1615
411330,桐柏县,桐柏,3,411300,410000,411300,河南省/南阳市/桐柏县,tong bai,t,1616
411381,邓州市,邓州,3,411300,410000,411300,河南省/南阳市/邓州市,deng zhou,d,1617
411400,商丘市,商丘,2,410000,410000,411400,河南省/商丘市,shang qiu,s,1618
411402,梁园区,梁园,3,411400,410000,411400,河南省/商丘市/梁园区,liang yuan,l,1619
411403,睢阳区,睢阳,3,411400,410000,411400,河南省/商丘市/睢阳区,sui yang,s,1620
411421,民权县,民权,3,411400,410000,411400,河南省/商丘市/民权县,min quan,m,1621
411422,睢县,睢县,3,411400,410000,411400,河南省/商丘市/睢县,sui xian,s,1622
411423,宁陵县,宁陵,3,411400,410000,411400,河南省/商丘市/宁陵县,ning ling,n,1623
411424,柘城县,柘城,3,411400,410000,411400,河南省/商丘市/柘城县,zhe cheng,z,1624
411425,虞城县,虞城,3,411400,410000,411400,河南省/商丘市/虞城县,yu cheng,y,1625
411426,夏邑县,夏邑,3,411400,410000,411400,河南省/商丘市/夏邑县,xia yi,x,1626
411481,永城市,永城,3,411400,410000,411400,河南省/商丘市/永城市,yong cheng,y,1627
411500,信阳市,信阳,2,410000,410000,411500,河南省/信阳市,xin yang,x,1628
411502,浉河区,浉河,3,411500,410000,411500,河南省/信阳市/浉河区,shi he,s,1629
411503,平桥区,平桥,3,411500,410000,411500,河南省/信阳市/平桥区,ping qiao,p,1630
411521,罗山县,罗山,3,411500,410000,411500,河南省/信阳市/罗山县,luo shan,l,1631
411522,光山县,光山,3,411500,410000,411500,河南省/信阳市/光山县,guang shan,g,1632
411523,新县,新县,3,411500,410000,411500,河南省/信阳市/新县,xin xian,x,1633
411524,商城县,商城,3,411500,410000,411500,河南省/信阳市/商城县,shang cheng,s,1634
411525,固始县,固始,3,411500,410000,411500,河南省/信阳市/固始县,gu shi,g,1635
411526,潢川县,潢川,3,411500,410000,411500,河南省/信阳市/潢川县,huang chuan,h,1636
411527,淮滨县,淮滨,3,411500,410000,411500,河南省/信阳市/淮滨县,huai bin,h,1637
411528,息县,息县,3,411500,410000,411500,河南省/信阳市/息县,xi xian,x,1638
411600,周口市,周口,2,410000,410000,411600,河南省/周口市,zhou kou,z,1639
411602,川汇区,川汇,3,411600,410000,411600,河南省/周口市/川汇区,chuan hui,c,1640
411603,淮阳区,淮阳,3,411600,410000,411600,河南省/周口市/淮阳区,huai yang,h,1641
411621,扶沟县,扶沟,3,411600,410000,411600,河南省/周口市/扶沟县,fu gou,f,1642
411622,西华县,西华,3,411600,410000,411600,河南省/周口市/西华县,xi hua,x,1643
411623,商水县,商水,3,411600,410000,411600,河南省/周口市/商水县,shang shui,s,1644
411624,沈丘县,沈丘,3,411600,410000,411600,河南省/周口市/沈丘县,shen qiu,s,1645
411625,郸城县,郸城,3,411600,410000,411600,河南省/周口市/郸城县,dan cheng,d,1646
411627,太康县,太康,3,411600,410000,411600,河南省/周口市/太康县,tai kang,t,1647
411628,鹿邑县,鹿邑,3,411600,410000,411600,河南省/周口市/鹿邑县,lu yi,l,1648
411681,项城市,项城,3,411600,410000,411600,河南省/周口市/项城市,xiang cheng,x,1649
411700,驻马店市,驻马店,2,410000,410000,411700,河南省/驻马店市,zhu ma dian,z,1650
411702,驿城区,驿城,3,411700,410000,411700,河南省/驻马店市/驿城区,yi cheng,y,1651
411721,西平县,西平,3,411700,410000,411700,河南省/驻马店市/西平县,xi ping,x,1652
411722,上蔡县,上蔡,3,411700,410000,411700,河南省/驻马店市/上蔡县,shang cai,s,1653
411723,平舆县,平舆,3,411700,410000,411700,河南省/驻马店市/平舆县,ping yu,p,1654
411724,正阳县,正阳,3,411700,410000,411700,河南省/驻马店市/正阳县,zheng yang,z,1655
411725,确山县,确山,3,411700,410000,411700,河南省/驻马店市/确山县,que shan,q,1656
411726,泌阳县,泌阳,3,411700,410000,411700,河南省/驻马店市/泌阳县,bi yang,b,1657
411727,汝南县,汝南,3,411700,410000,411700,河南省/驻马店市/汝南县,ru nan,r,1658
411728,遂平县,遂平,3,411700,410000,411700,河南省/驻马店市/遂平县,sui ping,s,1659
411729,新蔡县,新蔡,3,411700,410000,411700,河南省/驻马店市/新蔡县,xin cai,x,1660
419001,济源市,济源,3,410000,410000,,河南省/济源市,ji yuan,j,1661
420000,湖北省,湖北,1,,420000,,湖北省,hu bei,h,1662
420100,武汉市,武汉,2,420000,420000,420100,湖北省/武汉市,wu han,w,1663
420102,江岸区,江岸,3,420100,420000,420100,湖北省/武汉市/江岸区,jiang an,j,1664
420103,江汉区,江汉,3,420100,420000,420100,湖北省/武汉市/江汉区,jiang han,j,1665
420104,硚口区,硚口,3,420100,420000,420100,湖北省/武汉市/硚口区,qiao kou,q,1666
420105,汉阳区,汉阳,3,420100,420000,420100,湖北省/武汉市/汉阳区,han yang,h,1667
420106,武昌区,武昌,3,420100,420000,420100,湖北省/武汉市/武昌区,wu chang,w,1668
420107,青山区,青山,3,420100,420000,420100,湖北省/武汉市/青山区,qing shan,q,1669
420111,洪山区,洪山,3,420100,420000,420100,湖北省/武汉市/洪山区,hong shan,h,1670
420112,东西湖区,东西湖,3,420100,420000,420100,湖北省/武汉市/东西湖区,dong xi hu,d,1671
420113,汉南区,汉南,3,420100,420000,420100,湖北省/武汉市/汉南区,han nan,h,1672
420114,蔡甸区,蔡甸,3,420100,420000,420100,湖北省/武汉市/蔡甸区,cai dian,c,1673
420115,江夏区,江夏,3,420100,420000,420100,湖北省/武汉市/江夏区,jiang xia,j,1674
420116,黄陂区,黄陂,3,420100,420000,420100,湖北省/武汉市/黄陂区,huang pi,h,1675
420117,新洲区,新洲,3,420100,420000,420100,湖北省/武汉市/新洲区,xin zhou,x,1676
420200,黄石市,黄石,2,420000,420000,420200,湖北省/黄石市,huang shi,h,1677
420202,黄石港区,黄石港,3,420200,420000,420200,湖北省/黄石市/黄石港区,huang shi gang,h,1678
420203,西塞山区,西塞山,3,420200,420000,420200,湖北省/黄石市/西塞山区,xi sai shan,x,1679
420204,下陆区,下陆,3,420200,420000,420200,湖北省/黄石市/下陆区,xia lu,x,1680
420205,铁山区,铁山,3,420200,420000,420200,湖北省/黄石市/铁山区,tie shan,t,1681
420222,阳新县,阳新,3,420200,420000,420200,湖北省/黄石市/阳新县,yang xin,y,1682
420281,大冶市,大冶,3,420200,420000,420200,湖北省/黄石市/大冶市,da ye,d,1683
420300,十堰市,十堰,2,420000,420000,420300,湖北省/十堰市,shi yan,s,1684
420302,茅箭区,茅箭,3,420300,420000,420300,湖北省/十堰市/茅箭区,mao jian,m,1685
420303,张湾区,张湾,3,420300,420000,420300,湖北省/十堰市/张湾区,zhang wan,z,1686
420304,郧阳区,郧阳,3,420300,420000,420300,湖北省/十堰市/郧阳区,yun yang,y,1687
420322,郧西县,郧西,3,420300,420000,420300,湖北省/十堰市/郧西县,yun xi,y,1688
420323,竹山县,竹山,3,420300,420000,420300,湖北省/十堰市/竹山县,zhu shan,z,1689
420324,竹溪县,竹溪,3,420300,420000,420300,湖北省/十堰市/竹溪县,zhu xi,z,1690
420325,房县,房县,3,420300,420000,420300,湖北省/十堰市/房县,fang xian,f,1691
420381,丹江口市,丹江口,3,420300,420000,420300,湖北省/十堰市/丹江口市,dan jiang kou,d,1692
420500,宜昌市,宜昌,2,420000,420000,420500,湖北省/宜昌市,yi chang,y,1693
420502,西陵区,西陵,3,420500,420000,420500,湖北省/宜昌市/西陵区,xi ling,x,1694
420503,伍家岗区,伍家岗,3,420500,420000,420500,湖北省/宜昌市/伍家岗区,wu jia gang,w,1695
420504,点军区,点军,3,420500,420000,420500,湖北省/宜昌市/点军区,dian jun,d,1696
420505,猇亭区,猇亭,3,420500,420000,420500,湖北省/宜昌市/猇亭区,xiao ting,x,1697
420506,夷陵区,夷陵,3,420500,420000,420500,湖北省/宜昌市/夷陵区,yi ling,y,1698
420525,远安县,远安,3,420500,420000,420500,湖北省/宜昌市/远安县,yuan an,y,1699
420526,兴山县,兴山,3,420500,420000,420500,湖北省/宜昌市/兴山县,xing shan,x,1700
420527,秭归县,秭归,3,420500,420000,420500,湖北省/宜昌市/秭归县,zi gui,z,1701
420528,长阳土家族自治县,长阳,3,420500,420000,420500,湖北省/宜昌市/长阳土家族自治县,chang yang,c,1702
420529,五峰土家族自治县,五峰,3,420500,420000,420500,湖北省/宜昌市/五峰土家族自治县,wu feng,w,1703
420581,宜都市,宜都,3,420500,420000,420500,湖北省/宜昌市/宜都市,yi du,y,1704
420582,当阳市,当阳,3,420500,420000,420500,湖北省/宜昌市/当阳市,dang yang,d,1705
420583,枝江市,枝江,3,420500,420000,420500,湖北省/宜昌市/枝江市,zhi jiang,z,1706
420600,襄阳市,襄阳,2,420000,420000,420600,湖北省/襄阳市,xiang yang,x,1707
420602,襄城区,襄城,3,420600,420000,420600,湖北省/襄阳市/襄城区,xiang cheng,x,1708
420606,樊城区,樊城,3,420600,420000,420600,湖北省/襄阳市/樊城区,fan cheng,f,1709
420607,襄州区,襄州,3,420600,420000,420600,湖北省/襄阳市/襄州区,xiang zhou,x,1710
420624,南漳县,南漳,3,420600,420000,420600,湖北省/襄阳市/南漳县,nan zhang,n,1711
420625,谷城县,谷城,3,420600,420000,420600,湖北省/襄阳市/谷城县,gu cheng,g,1712
420626,保康县,保康,3,420600,420000,420600,湖北省/襄阳市/保康县,bao kang,b,1713
420682,老河口市,老河口,3,420600,420000,420600,湖北省/襄阳市/老河口市,lao he kou,l,1714
420683,枣阳市,枣阳,3,420600,420000,420600,湖北省/襄阳市/枣阳市,zao yang,z,1715
420684,宜城市,宜城,3,420600,420000,420600,湖北省/襄阳市/宜城市,yi cheng,y,1716
420700,鄂州市,鄂州,2,420000,420000,420700,湖北省/鄂州市,e zhou,e,1717
420702,梁子湖区,梁子湖,3,420700,420000,420700,湖北省/鄂州市/梁子湖区,liang zi hu,l,1718
420703,华容区,华容,3,420700,420000,420700,湖北省/鄂州市/华容区,hua rong,h,1719
420704,鄂城区,鄂城,3,420700,420000,420700,湖北省/鄂州市/鄂城区,e cheng,e,1720
420800,荆门市,荆门,2,420000,420000,420800,湖北省/荆门市,jing men,j,1721
420802,东宝区,东宝,3,420800,420000,420800,湖北省/荆门市/东宝区,dong bao,d,1722
420804,掇刀区,掇刀,3,420800,420000,420800,湖北省/荆门市/掇刀区,duo dao,d,1723
420822,沙洋县,沙洋,3,420800,420000,420800,湖北省/荆门市/沙洋县,sha yang,s,1724
420881,钟祥市,钟祥,3,420800,420000,420800,湖北省/荆门市/钟祥市,zhong xiang,z,1725
420882,京山市,京山,3,420800,420000,420800,湖北省/荆门市/京山市,jing shan,j,1726
420900,孝感市,孝感,2,420000,420000,420900,湖北省/孝感市,xiao gan,x,1727
420902,孝南区,孝南,3,420900,420000,420900,湖北省/孝感市/孝南区,xiao nan,x,1728
420921,孝昌县,孝昌,3,420900,420000,420900,湖北省/孝感市/孝昌县,xiao chang,x,1729
420922,大悟县,大悟,3,420900,420000,420900,湖北省/孝感市/大悟县,da wu,d,1730
420923,云梦县,云梦,3,420900,420000,420900,湖北省/孝感市/云梦县,yun meng,y,1731
420981,应城市,应城,3,420900,420000,420900,湖北省/孝感市/应城市,ying cheng,y,1732
420982,安陆市,安陆,3,420900,420000,420900,湖北省/孝感市/安陆市,an lu,a,1733
420984,汉川市,汉川,3,420900,420000,420900,湖北省/孝感市/汉川市,han chuan,h,1734
421000,荆州市,荆州,2,420000,420000,421000,湖北省/荆州市,jing zhou,j,1735
421002,沙市区,沙市,3,421000,420000,421000,湖北省/荆州市/沙市区,sha shi,s,1736
421003,荆州区,荆州区,3,421000,420000,421000,湖北省/荆州市/荆州区,jing zhou qu,j,1737
421022,公安县,公安,3,421000,420000,421000,湖北省/荆州市/公安县,gong an,g,1738
421024,江陵县,江陵,3,421000,420000,421000,湖北省/荆州市/江陵县,jiang ling,j,1739
421081,石首市,石首,3,421000,420000,421000,湖北省/荆州市/石首市,shi shou,s,1740
421083,洪湖市,洪湖,3,421000,420000,421000,湖北省/荆州市/洪湖市,hong hu,h,1741
421087,松滋市,松滋,3,421000,420000,421000,湖北省/荆州市/松滋市,song zi,s,1742
421088,监利市,监利,3,421000,420000,421000,湖北省/荆州市/监利市,jian li,j,1743
421100,黄冈市,黄冈,2,420000,420000,421100,湖北省/黄冈市,huang gang,h,1744
421102,黄州区,黄州,3,421100,420000,421100,湖北省/黄冈市/黄州区,huang zhou,h,1745
421121,团风县,团风,3,421100,420000,421100,湖北省/黄冈市/团风县,tuan feng,t,1746
421122,红安县,红安,3,421100,420000,421100,湖北省/黄冈市/红安县,hong an,h,1747
421123,罗田县,罗田,3,421100,420000,421100,湖北省/黄冈市/罗田县,luo tian,l,1748
421124,英山县,英山,3,421100,420000,421100,湖北省/黄冈市/英山县,ying shan,y,1749
421125,浠水县,浠水,3,421100,420000,421100,湖北省/黄冈市/浠水县,xi shui,x,1750
421126,蕲春县,蕲春,3,421100,420000,421100,湖北省/黄冈市/蕲春县,qi chun,q,1751
421127,黄梅县,黄梅,3,421100,420000,421100,湖北省/黄冈市/黄梅县,huang mei,h,1752
421181,麻城市,麻城,3,421100,420000,421100,湖北省/黄冈市/麻城市,ma cheng,m,1753
421182,武穴市,武穴,3,421100,420000,421100,湖北省/黄冈市/武穴市,wu xue,w,1754
421200,咸宁市,咸宁,2,420000,420000,421200,湖北省/咸宁市,xian ning,x,1755
421202,咸安区,咸安,3,421200,420000,421200,湖北省/咸宁市/咸安区,xian an,x,1756
421221,嘉鱼县,嘉鱼,3,421200,420000,421200,湖北省/咸宁市/嘉鱼县,jia yu,j,1757
421222,通城县,通城,3,421200,420000,421200,湖北省/咸宁市/通城县,tong cheng,t,1758
421223,崇阳县,崇阳,3,421200,420000,421200,湖北省/咸宁市/崇阳县,chong yang,c,1759
421224,通山县,通山,3,421200,420000,421200,湖北省/咸宁市/通山县,tong shan,t,1760
421281,赤壁市,赤壁,3,421200,420000,421200,湖北省/咸宁市/赤壁市,chi bi,c,1761
421300,随州市,随州,2,420000,420000,421300,湖北省/随州市,sui zhou,s,1762
421303,曾都区,曾都,3,421300,420000,421300,湖北省/随州市/曾都区,zeng du,z,1763
421321,随县,随县,3,421300,420000,421300,湖北省/随州市/随县,sui xian,s,1764
421381,广水市,广水,3,421300,420000,421300,湖北省/随州市/广水市,guang shui,g,1765
422800,恩施土家族苗族自治州,恩施,2,420000,420000,422800,湖北省/恩施土家族苗族自治州,en shi,e,1766
422801,恩施市,恩施市,3,422800,420000,422800,湖北省/恩施土家族苗族自治州/恩施市,en shi shi,e,1767
422802,利川市,利川,3,422800,420000,422800,湖北省/恩施土家族苗族自治州/利川市,li chuan,l,1768
422822,建始县,建始,3,422800,420000,422800,湖北省/恩施土家族苗族自治州/建始县,jian shi,j,1769
422823,巴东县,巴东,3,422800,420000,422800,湖北省/恩施土家族苗族自治州/巴东县,ba dong,b,1770
422825,宣恩县,宣恩,3,422800,420000,422800,湖北省/恩施土家族苗族自治州/宣恩县,xuan en,x,1771
422826,咸丰县,咸丰,3,422800,420000,422800,湖北省/恩施土家族苗族自治州/咸丰县,xian feng,x,1772
422827,来凤县,来凤,3,422800,420000,422800,湖北省/恩施土家族苗族自治州/来凤县,lai feng,l,1773
422828,鹤峰县,鹤峰,3,422800,420000,422800,湖北省/恩施土家族苗族自治州/鹤峰县,he feng,h,1774
429004,仙桃市,仙桃,3,420000,420000,,湖北省/仙桃市,xian tao,x,1775
429005,潜江市,潜江,3,420000,420000,,湖北省/潜江市,qian jiang,q,1776
429006,天门市,天门,3,420000,420000,,湖北省/天门市,tian men,t,1777
429021,神农架林区,神农架,3,420000,420000,,湖北省/神农架林区,shen nong jia,s,1778
430000,湖南省,湖南,1,,430000,,湖南省,hu nan,h,1779
430100,长沙市,长沙,2,430000,430000,430100,湖南省/长沙市,chang sha,c,1780
430102,芙蓉区,芙蓉,3,430100,430000,430100,湖南省/长沙市/芙蓉区,fu rong,f,1781
430103,天心区,天心,3,430100,430000,430100,湖南省/长沙市/天心区,tian xin,t,1782
430104,岳麓区,岳麓,3,430100,430000,430100,湖南省/长沙市/岳麓区,yue lu,y,1783
430105,开福区,开福,3,430100,430000,430100,湖南省/长沙市/开福区,kai fu,k,1784
430111,雨花区,雨花,3,430100,430000,430100,湖南省/长沙市/雨花区,yu hua,y,1785
430112,望城区,望城,3,430100,430000,430100,湖南省/长沙市/望城区,wang cheng,w,1786
430121,长沙县,长沙县,3,430100,430000,430100,湖南省/长沙市/长沙县,chang sha xian,c,1787
430181,浏阳市,浏阳,3,430100,430000,430100,湖南省/长沙市/浏阳市,liu yang,l,1788
430182,宁乡市,宁乡,3,430100,430000,430100,湖南省/长沙市/宁乡市,ning xiang,n,1789
430200,株洲市,株洲,2,430000,430000,430200,湖南省/株洲市,zhu zhou,z,1790
430202,荷塘区,荷塘,3,430200,430000,430200,湖南省/株洲市/荷塘区,he tang,h,1791
430203,芦淞区,芦淞,3,430200,430000,430200,湖南省/株洲市/芦淞区,lu song,l,1792
430204,石峰区,石峰,3,430200,430000,430200,湖南省/株洲市/石峰区,shi feng,s,1793
430211,天元区,天元,3,430200,430000,430200,湖南省/株洲市/天元区,tian yuan,t,1794
430212,渌口区,渌口,3,430200,430000,430200,湖南省/株洲市/渌口区,lu kou,l,1795
430223,攸县,攸县,3,430200,430000,430200,湖南省/株洲市/攸县,you xian,y,1796
430224,茶陵县,茶陵,3,430200,430000,430200,湖南省/株洲市/茶陵县,cha ling,c,1797
430225,炎陵县,炎陵,3,430200,430000,430200,湖南省/株洲市/炎陵县,yan ling,y,1798
430281,醴陵市,醴陵,3,430200,430000,430200,湖南省/株洲市/醴陵市,li ling,l,1799
430300,湘潭市,湘潭,2,430000,430000,430300,湖南省/湘潭市,xiang tan,x,1800
430302,雨湖区,雨湖,3,430300,430000,430300,湖南省/湘潭市/雨湖区,yu hu,y,1801
430304,岳塘区,岳塘,3,430300,430000,430300,湖南省/湘潭市/岳塘区,yue tang,y,1802
430321,湘潭县,湘潭县,3,430300,430000,430300,湖南省/湘潭市/湘潭县,xiang tan xian,x,1803
430381,湘乡市,湘乡,3,430300,430000,430300,湖南省/湘潭市/湘乡市,xiang xiang,x,1804
430382,韶山市,韶山,3,430300,430000,430300,湖南省/湘潭市/韶山市,shao shan,s,1805
430400,衡阳市,衡阳,2,430000,430000,430400,湖南省/衡阳市,heng yang,h,1806
430405,珠晖区,珠晖,3,430400,430000,430400,湖南省/衡阳市/珠晖区,zhu hui,z,1807
430406,雁峰区,雁峰,3,430400,430000,430400,湖南省/衡阳市/雁峰区,yan feng,y,1808
430407,石鼓区,石鼓,3,430400,430000,430400,湖南省/衡阳市/石鼓区,shi gu,s,1809
430408,蒸湘区,蒸湘,3,430400,430000,430400,湖南省/衡阳市/蒸湘区,zheng xiang,z,1810
430412,南岳区,南岳,3,430400,430000,430400,湖南省/衡阳市/南岳区,nan yue,n,1811
430421,衡阳县,衡阳县,3,430400,430000,430400,湖南省/衡阳市/衡阳县,heng yang xian,h,1812
430422,衡南县,衡南,3,430400,430000,430400,湖南省/衡阳市/衡南县,heng nan,h,1813
430423,衡山县,衡山,3,430400,430000,430400,湖南省/衡阳市/衡山县,heng shan,h,1814
430424,衡东县,衡东,3,430400,430000,430400,湖南省/衡阳市/衡东县,heng dong,h,1815
430426,祁东县,祁东,3,430400,430000,430400,湖南省/衡阳市/祁东县,qi dong,q,1816
430481,耒阳市,耒阳,3,430400,430000,430400,湖南省/衡阳市/耒阳市,lei yang,l,1817
430482,常宁市,常宁,3,430400,430000,430400,湖南省/衡阳市/常宁市,chang ning,c,1818
430500,邵阳市,邵阳,2,430000,430000,430500,湖南省/邵阳市,shao yang,s,1819
430502,双清区,双清,3,430500,430000,430500,湖南省/邵阳市/双清区,shuang qing,s,1820
430503,大祥区,大祥,3,430500,430000,430500,湖南省/邵阳市/大祥区,da xiang,d,1821
430511,北塔区,北塔,3,430500,430000,430500,湖南省/邵阳市/北塔区,bei ta,b,1822
430522,新邵县,新邵,3,430500,430000,430500,湖南省/邵阳市/新邵县,xin shao,x,1823
430523,邵阳县,邵阳县,3,430500,430000,430500,湖南省/邵阳市/邵阳县,shao yang xian,s,1824
430524,隆回县,隆回,3,430500,430000,430500,湖南省/邵阳市/隆回县,long hui,l,1825
430525,洞口县,洞口,3,430500,430000,430500,湖南省/邵阳市/洞口县,dong kou,d,1826
430527,绥宁县,绥宁,3,430500,430000,430500,湖南省/邵阳市/绥宁县,sui ning,s,1827
430528,新宁县,新宁,3,430500,430000,430500,湖南省/邵阳市/新宁县,xin ning,x,1828
430529,城步苗族自治县,城步,3,430500,430000,430500,湖南省/邵阳市/城步苗族自治县,cheng bu,c,1829
430581,武冈市,武冈,3,430500,430000,430500,湖南省/邵阳市/武冈市,wu gang,w,1830
430582,邵东市,邵东,3,430500,430000,430500,湖南省/邵阳市/邵东市,shao dong,s,1831
430600,岳阳市,岳阳,2,430000,430000,430600,湖南省/岳阳市,yue yang,y,1832
430602,岳阳楼区,岳阳楼,3,430600,430000,430600,湖南省/岳阳市/岳阳楼区,yue yang lou,y,1833
430603,云溪区,云溪,3,430600,430000,430600,湖南省/岳阳市/云溪区,yun xi,y,1834
430611,君山区,君山,3,430600,430000,430600,湖南省/岳阳市/君山区,jun shan,j,1835
430621,岳阳县,岳阳县,3,430600,430000,430600,湖南省/岳阳市/岳阳县,yue yang xian,y,1836
430623,华容县,华容,3,430600,430000,430600,湖南省/岳阳市/华容县,hua rong,h,1837
430624,湘阴县,湘阴,3,430600,430000,430600,湖南省/岳阳市/湘阴县,xiang yin,x,1838
430626,平江县,平江,3,430600,430000,430600,湖南省/岳阳市/平江县,ping jiang,p,1839
430681,汨罗市,汨罗,3,430600,430000,430600,湖南省/岳阳市/汨罗市,mi luo,m,1840
430682,临湘市,临湘,3,430600,430000,430600,湖南省/岳阳市/临湘市,lin xiang,l,1841
430700,常德市,常德,2,430000,430000,430700,湖南省/常德市,chang de,c,1842
430702,武陵区,武陵,3,430700,430000,430700,湖南省/常德市/武陵区,wu ling,w,1843
430703,鼎城区,鼎城,3,430700,430000,430700,湖南省/常德市/鼎城区,ding cheng,d,1844
430721,安乡县,安乡,3,430700,430000,430700,湖南省/常德市/安乡县,an xiang,a,1845
430722,汉寿县,汉寿,3,430700,430000,430700,湖南省/常德市/汉寿县,han shou,h,1846
430723,澧县,澧县,3,430700,430000,430700,湖南省/常德市/澧县,li xian,l,1847
430724,临澧县,临澧,3,430700,430000,430700,湖南省/常德市/临澧县,lin li,l,1848
430725,桃源县,桃源,3,430700,430000,430700,湖南省/常德市/桃源县,tao yuan,t,1849
430726,石门县,石门,3,430700,430000,430700,湖南省/常德市/石门县,shi men,s,1850
430781,津市市,津市,3,430700,430000,430700,湖南省/常德市/津市市,jin shi,j,1851
430800,张家界市,张家界,2,430000,430000,430800,湖南省/张家界市,zhang jia jie,z,1852
430802,永定区,永定,3,430800,430000,430800,湖南省/张家界市/永定区,yong ding,y,1853
430811,武陵源区,武陵源,3,430800,430000,430800,湖南省/张家界市/武陵源区,wu ling yuan,w,1854
430821,慈利县,慈利,3,430800,430000,430800,湖南省/张家界市/慈利县,ci li,c,1855
430822,桑植县,桑植,3,430800,430000,430800,湖南省/张家界市/桑植县,sang zhi,s,1856
430900,益阳市,益阳,2,430000,430000,430900,湖南省/益阳市,yi yang,y,1857
430902,资阳区,资阳,3,430900,430000,430900,湖南省/益阳市/资阳区,zi yang,z,1858
430903,赫山区,赫山,3,430900,430000,430900,湖南省/益阳市/赫山区,he shan,h,1859
430921,南县,南县,3,430900,430000,430900,湖南省/益阳市/南县,nan xian,n,1860
430922,桃江县,桃江,3,430900,430000,430900,湖南省/益阳市/桃江县,tao jiang,t,1861
430923,安化县,安化,3,430900,430000,430900,湖南省/益阳市/安化县,an hua,a,1862
430981,沅江市,沅江,3,430900,430000,430900,湖南省/益阳市/沅江市,yuan jiang,y,1863
431000,郴州市,郴州,2,430000,430000,431000,湖南省/郴州市,chen zhou,c,1864
431002,北湖区,北湖,3,431000,430000,431000,湖南省/郴州市/北湖区,bei hu,b,1865
431003,苏仙区,苏仙,3,431000,430000,431000,湖南省/郴州市/苏仙区,su xian,s,1866
431021,桂阳县,桂阳,3,431000,430000,431000,湖南省/郴州市/桂阳县,gui yang,g,1867
431022,宜章县,宜章,3,431000,430000,431000,湖南省/郴州市/宜章县,yi zhang,y,1868
431023,永兴县,永兴,3,431000,430000,431000,湖南省/郴州市/永兴县,yong xing,y,1869
431024,嘉禾县,嘉禾,3,431000,430000,431000,湖南省/郴州市/嘉禾县,jia he,j,1870
431025,临武县,临武,3,431000,430000,431000,湖南省/郴州市/临武县,lin wu,l,1871
431026,汝城县,汝城,3,431000,430000,431000,湖南省/郴州市/汝城县,ru cheng,r,1872
431027,桂东县,桂东,3,431000,430000,431000,湖南省/郴州市/桂东县,gui dong,g,1873
431028,安仁县,安仁,3,431000,430000,431000,湖南省/郴州市/安仁县,an ren,a,1874
431081,资兴市,资兴,3,431000,430000,431000,湖南省/郴州市/资兴市,zi xing,z,1875
431100,永州市,永州,2,430000,430000,431100,湖南省/永州市,yong zhou,y,1876
431102,零陵区,零陵,3,431100,430000,431100,湖南省/永州市/零陵区,ling ling,l,1877
431103,冷水滩区,冷水滩,3,431100,430000,431100,湖南省/永州市/冷水滩区,leng shui tan,l,1878
431122,东安县,东安,3,431100,430000,431100,湖南省/永州市/东安县,dong an,d,1879
431123,双牌县,双牌,3,431100,430000,431100,湖南省/永州市/双牌县,shuang pai,s,1880
431124,道县,道县,3,431100,430000,431100,湖南省/永州市/道县,dao xian,d,1881
431125,江永县,江永,3,431100,430000,431100,湖南省/永州市/江永县,jiang yong,j,1882
431126,宁远县,宁远,3,431100,430000,431100,湖南省/永州市/宁远县,ning yuan,n,1883
431127,蓝山县,蓝山,3,431100,430000,431100,湖南省/永州市/蓝山县,lan shan,l,1884
431128,新田县,新田,3,431100,430000,431100,湖南省/永州市/新田县,xin tian,x,1885
431129,江华瑶族自治县,江华,3,431100,430000,431100,湖南省/永州市/江华瑶族自治县,jiang hua,j,1886
431181,祁阳市,祁阳,3,431100,430000,431100,湖南省/永州市/祁阳市,qi yang,q,1887
431200,怀化市,怀化,2,430000,430000,431200,湖南省/怀化市,huai hua,h,1888
431202,鹤城区,鹤城,3,431200,430000,431200,湖南省/怀化市/鹤城区,he cheng,h,1889
431221,中方县,中方,3,431200,430000,431200,湖南省/怀化市/中方县,zhong fang,z,1890
431222,沅陵县,沅陵,3,431200,430000,431200,湖南省/怀化市/沅陵县,yuan ling,y,1891
431223,辰溪县,辰溪,3,431200,430000,431200,湖南省/怀化市/辰溪县,chen xi,c,1892
431224,溆浦县,溆浦,3,431200,430000,431200,湖南省/怀化市/溆浦县,xu pu,x,1893
431225,会同县,会同,3,431200,430000,431200,湖南省/怀化市/会同县,hui tong,h,1894
431226,麻阳苗族自治县,麻阳,3,431200,430000,431200,湖南省/怀化市/麻阳苗族自治县,ma yang,m,1895
431227,新晃侗族自治县,新晃,3,431200,430000,431200,湖南省/怀化市/新晃侗族自治县,xin huang,x,1896
431228,芷江侗族自治县,芷江,3,431200,430000,431200,湖南省/怀化市/芷江侗族自治县,zhi jiang,z,1897
431229,靖州苗族侗族自治县,靖州,3,431200,430000,431200,湖南省/怀化市/靖州苗族侗族自治县,jing zhou,j,1898
431230,通道侗族自治县,通道,3,431200,430000,431200,湖南省/怀化市/通道侗族自治县,tong dao,t,1899
431281,洪江市,洪江,3,431200,430000,431200,湖南省/怀化市/洪江市,hong jiang,h,1900
431300,娄底市,娄底,2,430000,430000,431300,湖南省/娄底市,lou di,l,1901
431302,娄星区,娄星,3,431300,430000,431300,湖南省/娄底市/娄星区,lou xing,l,1902
431321,双峰县,双峰,3,431300,430000,431300,湖南省/娄底市/双峰县,shuang feng,s,1903
431322,新化县,新化,3,431300,430000,431300,湖南省/娄底市/新化县,xin hua,x,1904
431381,冷水江市,冷水江,3,431300,430000,431300,湖南省/娄底市/冷水江市,leng shui jiang,l,1905
431382,涟源市,涟源,3,431300,430000,431300,湖南省/娄底市/涟源市,lian yuan,l,1906
433100,湘西土家族苗族自治州,湘西,2,430000,430000,433100,湖南省/湘西土家族苗族自治州,xiang xi,x,1907
433101,吉首市,吉首,3,433100,430000,433100,湖南省/湘西土家族苗族自治州/吉首市,ji shou,j,1908
433122,泸溪县,泸溪,3,433100,430000,433100,湖南省/湘西土家族苗族自治州/泸溪县,lu xi,l,1909
433123,凤凰县,凤凰,3,433100,430000,433100,湖南省/湘西土家族苗族自治州/凤凰县,feng huang,f,1910
433124,花垣县,花垣,3,433100,430000,433100,湖南省/湘西土家族苗族自治州/花垣县,hua yuan,h,1911
433125,保靖县,保靖,3,433100,430000,433100,湖南省/湘西土家族苗族自治州/保靖县,bao jing,b,1912
433126,古丈县,古丈,3,433100,430000,433100,湖南省/湘西土家族苗族自治州/古丈县,gu zhang,g,1913
433127,永顺县,永顺,3,433100,430000,433100,湖南省/湘西土家族苗族自治州/永顺县,yong shun,y,1914
433130,龙山县,龙山,3,433100,430000,433100,湖南省/湘西土家族苗族自治州/龙山县,long shan,l,1915
440000,广东省,广东,1,,440000,,广东省,guang dong,g,1916
440100,广州市,广州,2,440000,440000,440100,广东省/广州市,guang zhou,g,1917
440103,荔湾区,荔湾,3,440100,440000,440100,广东省/广州市/荔湾区,li wan,l,1918
440104,越秀区,越秀,3,440100,440000,440100,广东省/广州市/越秀区,yue xiu,y,1919
440105,海珠区,海珠,3,440100,440000,440100,广东省/广州市/海珠区,hai zhu,h,1920
440106,天河区,天河,3,440100,440000,440100,广东省/广州市/天河区,tian he,t,1921
440111,白云区,白云,3,440100,440000,440100,广东省/广州市/白云区,bai yun,b,1922
440112,黄埔区,黄埔,3,440100,440000,440100,广东省/广州市/黄埔区,huang pu,h,1923
440113,番禺区,番禺,3,440100,440000,440100,广东省/广州市/番禺区,pan yu,p,1924
440114,花都区,花都,3,440100,440000,440100,广东省/广州市/花都区,hua du,h,1925
440115,南沙区,南沙,3,440100,440000,440100,广东省/广州市/南沙区,nan sha,n,1926
440117,从化区,从化,3,440100,440000,440100,广东省/广州市/从化区,cong hua,c,1927
440118,增城区,增城,3,440100,440000,440100,广东省/广州市/增城区,zeng cheng,z,1928
440200,韶关市,韶关,2,440000,440000,440200,广东省/韶关市,shao guan,s,1929
440203,武江区,武江,3,440200,440000,440200,广东省/韶关市/武江区,wu jiang,w,1930
440204,浈江区,浈江,3,440200,440000,440200,广东省/韶关市/浈江区,zhen jiang,z,1931
440205,曲江区,曲江,3,440200,440000,440200,广东省/韶关市/曲江区,qu jiang,q,1932
440222,始兴县,始兴,3,440200,440000,440200,广东省/韶关市/始兴县,shi xing,s,1933
440224,仁化县,仁化,3,440200,440000,440200,广东省/韶关市/仁化县,ren hua,r,1934
440229,翁源县,翁源,3,440200,440000,440200,广东省/韶关市/翁源县,weng yuan,w,1935
440232,乳源瑶族自治县,乳源,3,440200,440000,440200,广东省/韶关市/乳源瑶族自治县,ru yuan,r,1936
440233,新丰县,新丰,3,440200,440000,440200,广东省/韶关市/新丰县,xin feng,x,1937
440281,乐昌市,乐昌,3,440200,440000,440200,广东省/韶关市/乐昌市,le chang,l,1938
440282,南雄市,南雄,3,440200,440000,440200,广东省/韶关市/南雄市,nan xiong,n,1939
440300,深圳市,深圳,2,440000,440000,440300,广东省/深圳市,shen zhen,s,1940
440303,罗湖区,罗湖,3,440300,440000,440300,广东省/深圳市/罗湖区,luo hu,l,1941
440304,福田区,福田,3,440300,440000,440300,广东省/深圳市/福田区,fu tian,f,1942
440305,南山区,南山,3,440300,440000,440300,广东省/深圳市/南山区,nan shan,n,1943
440306,宝安区,宝安,3,440300,440000,440300,广东省/深圳市/宝安区,bao an,b,1944
440307,龙岗区,龙岗,3,440300,440000,440300,广东省/深圳市/龙岗区,long gang,l,1945
440308,盐田区,盐田,3,440300,440000,440300,广东省/深圳市/盐田区,yan tian,y,1946
440309,龙华区,龙华,3,440300,440000,440300,广东省/深圳市/龙华区,long hua,l,1947
440310,坪山区,坪山,3,440300,440000,440300,广东省/深圳市/坪山区,ping shan,p,1948
440311,光明区,光明,3,440300,440000,440300,广东省/深圳市/光明区,guang ming,g,1949
440400,珠海市,珠海,2,440000,440000,440400,广东省/珠海市,zhu hai,z,1950
440402,香洲区,香洲,3,440400,440000,440400,广东省/珠海市/香洲区,xiang zhou,x,1951
440403,斗门区,斗门,3,440400,440000,440400,广东省/珠海市/斗门区,dou men,d,1952
440404,金湾区,金湾,3,440400,440000,440400,广东省/珠海市/金湾区,jin wan,j,1953
440500,汕头市,汕头,2,440000,440000,440500,广东省/汕头市,shan tou,s,1954
440507,龙湖区,龙湖,3,440500,440000,440500,广东省/汕头市/龙湖区,long hu,l,1955
440511,金平区,金平,3,440500,440000,440500,广东省/汕头市/金平区,jin ping,j,1956
440512,濠江区,濠江,3,440500,440000,440500,广东省/汕头市/濠江区,hao jiang,h,1957
440513,潮阳区,潮阳,3,440500,440000,440500,广东省/汕头市/潮阳区,chao yang,c,1958
440514,潮南区,潮南,3,440500,440000,440500,广东省/汕头市/潮南区,chao nan,c,1959
440515,澄海区,澄海,3,440500,440000,440500,广东省/汕头市/澄海区,cheng hai,c,1960
440523,南澳县,南澳,3,440500,440000,440500,广东省/汕头市/南澳县,nan ao,n,1961
440600,佛山市,佛山,2,440000,440000,440600,广东省/佛山市,fo shan,f,1962
440604,禅城区,禅城,3,440600,440000,440600,广东省/佛山市/禅城区,chan cheng,c,1963
440605,南海区,南海,3,440600,440000,440600,广东省/佛山市/南海区,nan hai,n,1964
440606,顺德区,顺德,3,440600,440000,440600,广东省/佛山市/顺德区,shun de,s,1965
440607,三水区,三水,3,440600,440000,440600,广东省/佛山市/三水区,san shui,s,1966
440608,高明区,高明,3,440600,440000,440600,广东省/佛山市/高明区,gao ming,g,1967
440700,江门市,江门,2,440000,440000,440700,广东省/江门市,jiang men,j,1968
440703,蓬江区,蓬江,3,440700,440000,440700,广东省/江门市/蓬江区,peng jiang,p,1969
440704,江海区,江海,3,440700,440000,440700,广东省/江门市/江海区,jiang hai,j,1970
440705,新会区,新会,3,440700,440000,440700,广东省/江门市/新会区,xin hui,x,1971
440781,台山市,台山,3,440700,440000,440700,广东省/江门市/台山市,tai shan,t,1972
440783,开平市,开平,3,440700,440000,440700,广东省/江门市/开平市,kai ping,k,1973
440784,鹤山市,鹤山,3,440700,440000,440700,广东省/江门市/鹤山市,he shan,h,1974
440785,恩平市,恩平,3,440700,440000,440700,广东省/江门市/恩平市,en ping,e,1975
440800,湛江市,湛江,2,440000,440000,440800,广东省/湛江市,zhan jiang,z,1976
440802,赤坎区,赤坎,3,440800,440000,440800,广东省/湛江市/赤坎区,chi kan,c,1977
440803,霞山区,霞山,3,440800,440000,440800,广东省/湛江市/霞山区,xia shan,x,1978
440804,坡头区,坡头,3,440800,440000,440800,广东省/湛江市/坡头区,po tou,p,1979
440811,麻章区,麻章,3,440800,440000,440800,广东省/湛江市/麻章区,ma zhang,m,1980
440823,遂溪县,遂溪,3,440800,440000,440800,广东省/湛江市/遂溪县,sui xi,s,1981
440825,徐闻县,徐闻,3,440800,440000,440800,广东省/湛江市/徐闻县,xu wen,x,1982
440881,廉江市,廉江,3,440800,440000,440800,广东省/湛江市/廉江市,lian jiang,l,1983
440882,雷州市,雷州,3,440800,440000,440800,广东省/湛江市/雷州市,lei zhou,l,1984
440883,吴川市,吴川,3,440800,440000,440800,广东省/湛江市/吴川市,wu chuan,w,1985
440900,茂名市,茂名,2,440000,440000,440900,广东省/茂名市,mao ming,m,1986
440902,茂南区,茂南,3,440900,440000,440900,广东省/茂名市/茂南区,mao nan,m,1987
440904,电白区,电白,3,440900,440000,440900,广东省/茂名市/电白区,dian bai,d,1988
440981,高州市,高州,3,440900,440000,440900,广东省/茂名市/高州市,gao zhou,g,1989
440982,化州市,化州,3,440900,440000,440900,广东省/茂名市/化州市,hua zhou,h,1990
440983,信宜市,信宜,3,440900,440000,440900,广东省/茂名市/信宜市,xin yi,x,1991
441200,肇庆市,肇庆,2,440000,440000,441200,广东省/肇庆市,zhao qing,z,1992
441202,端州区,端州,3,441200,440000,441200,广东省/肇庆市/端州区,duan zhou,d,1993
441203,鼎湖区,鼎湖,3,441200,440000,441200,广东省/肇庆市/鼎湖区,ding hu,d,1994
441204,高要区,高要,3,441200,440000,441200,广东省/肇庆市/高要区,gao yao,g,1995
441223,广宁县,广宁,3,441200,440000,441200,广东省/肇庆市/广宁县,guang ning,g,1996
441224,怀集县,怀集,3,441200,440000,441200,广东省/肇庆市/怀集县,huai ji,h,1997
441225,封开县,封开,3,441200,440000,441200,广东省/肇庆市/封开县,feng kai,f,1998
441226,德庆县,德庆,3,441200,440000,441200,广东省/肇庆市/德庆县,de qing,d,1999
441284,四会市,四会,3,441200,440000,441200,广东省/肇庆市/四会市,si hui,s,2000
441300,惠州市,惠州,2,440000,440000,441300,广东省/惠州市,hui zhou,h,2001
441302,惠城区,惠城,3,441300,440000,441300,广东省/惠州市/惠城区,hui cheng,h,2002
441303,惠阳区,惠阳,3,441300,440000,441300,广东省/惠州市/惠阳区,hui yang,h,2003
441322,博罗县,博罗,3,441300,440000,441300,广东省/惠州市/博罗县,bo luo,b,2004
441323,惠东县,惠东,3,441300,440000,441300,广东省/惠州市/惠东县,hui dong,h,2005
441324,龙门县,龙门,3,441300,440000,441300,广东省/惠州市/龙门县,long men,l,2006
441400,梅州市,梅州,2,440000,440000,441400,广东省/梅州市,mei zhou,m,2007
441402,梅江区,梅江,3,441400,440000,441400,广东省/梅州市/梅江区,mei jiang,m,2008
441403,梅县区,梅县,3,441400,440000,441400,广东省/梅州市/梅县区,mei xian,m,2009
441422,大埔县,大埔,3,441400,440000,441400,广东省/梅州市/大埔县,da bu,d,2010
441423,丰顺县,丰顺,3,441400,440000,441400,广东省/梅州市/丰顺县,feng shun,f,2011
441424,五华县,五华,3,441400,440000,441400,广东省/梅州市/五华县,wu hua,w,2012
441426,平远县,平远,3,441400,440000,441400,广东省/梅州市/平远县,ping yuan,p,2013
441427,蕉岭县,蕉岭,3,441400,440000,441400,广东省/梅州市/蕉岭县,jiao ling,j,2014
441481,兴宁市,兴宁,3,441400,440000,441400,广东省/梅州市/兴宁市,xing ning,x,2015
441500,汕尾市,汕尾,2,440000,440000,441500,广东省/汕尾市,shan wei,s,2016
441502,城区,城区,3,441500,440000,441500,广东省/汕尾市/城区,cheng qu,c,2017
441521,海丰县,海丰,3,441500,440000,441500,广东省/汕尾市/海丰县,hai feng,h,2018
441523,陆河县,陆河,3,441500,440000,441500,广东省/汕尾市/陆河县,lu he,l,2019
441581,陆丰市,陆丰,3,441500,440000,441500,广东省/汕尾市/陆丰市,lu feng,l,2020
441600,河源市,河源,2,440000,440000,441600,广东省/河源市,he yuan,h,2021
441602,源城区,源城,3,441600,440000,441600,广东省/河源市/源城区,yuan cheng,y,2022
441621,紫金县,紫金,3,441600,440000,441600,广东省/河源市/紫金县,zi jin,z,2023
441622,龙川县,龙川,3,441600,440000,441600,广东省/河源市/龙川县,long chuan,l,2024
441623,连平县,连平,3,441600,440000,441600,广东省/河源市/连平县,lian ping,l,2025
441624,和平县,和平,3,441600,440000,441600,广东省/河源市/和平县,he ping,h,2026
441625,东源县,东源,3,441600,440000,441600,广东省/河源市/东源县,dong yuan,d,2027
441700,阳江市,阳江,2,440000,440000,441700,广东省/阳江市,yang jiang,y,2028
441702,江城区,江城,3,441700,440000,441700,广东省/阳江市/江城区,jiang cheng,j,2029
441704,阳东区,阳东,3,441700,440000,441700,广东省/阳江市/阳东区,yang dong,y,2030
441721,阳西县,阳西,3,441700,440000,441700,广东省/阳江市/阳西县,yang xi,y,2031
441781,阳春市,阳春,3,441700,440000,441700,广东省/阳江市/阳春市,yang chun,y,2032
441800,清远市,清远,2,440000,440000,441800,广东省/清远市,qing yuan,q,2033
441802,清城区,清城,3,441800,440000,441800,广东省/清远市/清城区,qing cheng,q,2034
441803,清新区,清新区,3,441800,440000,441800,广东省/清远市/清新区,qing xin qu,q,2035
441821,佛冈县,佛冈,3,441800,440000,441800,广东省/清远市/佛冈县,fo gang,f,2036
441823,阳山县,阳山,3,441800,440000,441800,广东省/清远市/阳山县,yang shan,y,2037
441825,连山壮族瑶族自治县,连山,3,441800,440000,441800,广东省/清远市/连山壮族瑶族自治县,lian shan,l,2038
441826,连南瑶族自治县,连南,3,441800,440000,441800,广东省/清远市/连南瑶族自治县,lian nan,l,2039
441881,英德市,英德,3,441800,440000,441800,广东省/清远市/英德市,ying de,y,2040
441882,连州市,连州,3,441800,440000,441800,广东省/清远市/连州市,lian zhou,l,2041
441900,东莞市,东莞,2,440000,440000,441900,广东省/东莞市,dong guan,d,2042
442000,中山市,中山,2,440000,440000,442000,广东省/中山市,zhong shan,z,2043
445100,潮州市,潮州,2,440000,440000,445100,广东省/潮州市,chao zhou,c,2044
445102,湘桥区,湘桥,3,445100,440000,445100,广东省/潮州市/湘桥区,xiang qiao,x,2045
445103,潮安区,潮安,3,445100,440000,445100,广东省/潮州市/潮安区,chao an,c,2046
445122,饶平县,饶平,3,445100,440000,445100,广东省/潮州市/饶平县,rao ping,r,2047
445200,揭阳市,揭阳,2,440000,440000,445200,广东省/揭阳市,jie yang,j,2048
445202,榕城区,榕城,3,445200,440000,445200,广东省/揭阳市/榕城区,rong cheng,r,2049
445203,揭东区,揭东,3,445200,440000,445200,广东省/揭阳市/揭东区,jie dong,j,2050
445222,揭西县,揭西,3,445200,440000,445200,广东省/揭阳市/揭西县,jie xi,j,2051
445224,惠来县,惠来,3,445200,440000,445200,广东省/揭阳市/惠来县,hui lai,h,2052
445281,普宁市,普宁,3,445200,440000,445200,广东省/揭阳市/普宁市,pu ning,p,2053
445300,云浮市,云浮,2,440000,440000,445300,广东省/云浮市,yun fu,y,2054
445302,云城区,云城,3,445300,440000,445300,广东省/云浮市/云城区,yun cheng,y,2055
445303,云安区,云安,3,445300,440000,445300,广东省/云浮市/云安区,yun an,y,2056
445321,新兴县,新兴,3,445300,440000,445300,广东省/云浮市/新兴县,xin xing,x,2057
445322,郁南县,郁南,3,445300,440000,445300,广东省/云浮市/郁南县,yu nan,y,2058
445381,罗定市,罗定,3,445300,440000,445300,广东省/云浮市/罗定市,luo ding,l,2059
450000,广西壮族自治区,广西,1,,450000,,广西壮族自治区,guang xi,g,2060
450100,南宁市,南宁,2,450000,450000,450100,广西壮族自治区/南宁市,nan ning,n,2061
450102,兴宁区,兴宁,3,450100,450000,450100,广西壮族自治区/南宁市/兴宁区,xing ning,x,2062
450103,青秀区,青秀,3,450100,450000,450100,广西壮族自治区/南宁市/青秀区,qing xiu,q,2063
450105,江南区,江南,3,450100,450000,450100,广西壮族自治区/南宁市/江南区,jiang nan,j,2064
450107,西乡塘区,西乡塘,3,450100,450000,450100,广西壮族自治区/南宁市/西乡塘区,xi xiang tang,x,2065
450108,良庆区,良庆,3,450100,450000,450100,广西壮族自治区/南宁市/良庆区,liang qing,l,2066
450109,邕宁区,邕宁,3,450100,450000,450100,广西壮族自治区/南宁市/邕宁区,yong ning,y,2067
450110,武鸣区,武鸣,3,450100,450000,450100,广西壮族自治区/南宁市/武鸣区,wu ming,w,2068
450123,隆安县,隆安,3,450100,450000,450100,广西壮族自治区/南宁市/隆安县,long an,l,2069
450124,马山县,马山,3,450100,450000,450100,广西壮族自治区/南宁市/马山县,ma shan,m,2070
450125,上林县,上林,3,450100,450000,450100,广西壮族自治区/南宁市/上林县,shang lin,s,2071
450126,宾阳县,宾阳,3,450100,450000,450100,广西壮族自治区/南宁市/宾阳县,bin yang,b,2072
450181,横州市,横州,3,450100,450000,450100,广西壮族自治区/南宁市/横州市,heng zhou,h,2073
450200,柳州市,柳州,2,450000,450000,450200,广西壮族自治区/柳州市,liu zhou,l,2074
450202,城中区,城中,3,450200,450000,450200,广西壮族自治区/柳州市/城中区,cheng zhong,c,2075
450203,鱼峰区,鱼峰,3,450200,450000,450200,广西壮族自治区/柳州市/鱼峰区,yu feng,y,2076
450204,柳南区,柳南,3,450200,450000,450200,广西壮族自治区/柳州市/柳南区,liu nan,l,2077
450205,柳北区,柳北,3,450200,450000,450200,广西壮族自治区/柳州市/柳北区,liu bei,l,2078
450206,柳江区,柳江,3,450200,450000,450200,广西壮族自治区/柳州市/柳江区,liu jiang,l,2079
450222,柳城县,柳城,3,450200,450000,450200,广西壮族自治区/柳州市/柳城县,liu cheng,l,2080
450223,鹿寨县,鹿寨,3,450200,450000,450200,广西壮族自治区/柳州市/鹿寨县,lu zhai,l,2081
450224,融安县,融安,3,450200,450000,450200,广西壮族自治区/柳州市/融安县,rong an,r,2082
450225,融水苗族自治县,融水,3,450200,450000,450200,广西壮族自治区/柳州市/融水苗族自治县,rong shui,r,2083
450226,三江侗族自治县,三江,3,450200,450000,450200,广西壮族自治区/柳州市/三江侗族自治县,san jiang,s,2084
450300,桂林市,桂林,2,450000,450000,450300,广西壮族自治区/桂林市,gui lin,g,2085
450302,秀峰区,秀峰,3,450300,450000,450300,广西壮族自治区/桂林市/秀峰区,xiu feng,x,2086
450303,叠彩区,叠彩,3,450300,450000,450300,广西壮族自治区/桂林市/叠彩区,die cai,d,2087
450304,象山区,象山,3,450300,450000,450300,广西壮族自治区/桂林市/象山区,xiang shan,x,2088
450305,七星区,七星,3,450300,450000,450300,广西壮族自治区/桂林市/七星区,qi xing,q,2089
450311,雁山区,雁山,3,450300,450000,450300,广西壮族自治区/桂林市/雁山区,yan shan,y,2090
450312,临桂区,临桂,3,450300,450000,450300,广西壮族自治区/桂林市/临桂区,lin gui,l,2091
450321,阳朔县,阳朔,3,450300,450000,450300,广西壮族自治区/桂林市/阳朔县,yang shuo,y,2092
450323,灵川县,灵川,3,450300,450000,450300,广西壮族自治区/桂林市/灵川县,ling chuan,l,2093
450324,全州县,全州,3,450300,450000,450300,广西壮族自治区/桂林市/全州县,quan zhou,q,2094
450325,兴安县,兴安,3,450300,450000,450300,广西壮族自治区/桂林市/兴安县,xing an,x,2095
450326,永福县,永福,3,450300,450000,450300,广西壮族自治区/桂林市/永福县,yong fu,y,2096
450327,灌阳县,灌阳,3,450300,450000,450300,广西壮族自治区/桂林市/灌阳县,guan yang,g,2097
450328,龙胜各族自治县,龙胜,3,450300,450000,450300,广西壮族自治区/桂林市/龙胜各族自治县,long sheng,l,2098
450329,资源县,资源,3,450300,450000,450300,广西壮族自治区/桂林市/资源县,zi yuan,z,2099
450330,平乐县,平乐,3,450300,450000,450300,广西壮族自治区/桂林市/平乐县,ping le,p,2100
450332,恭城瑶族自治县,恭城,3,450300,450000,450300,广西壮族自治区/桂林市/恭城瑶族自治县,gong cheng,g,2101
450381,荔浦市,荔浦,3,450300,450000,450300,广西壮族自治区/桂林市/荔浦市,li pu,l,2102
450400,梧州市,梧州,2,450000,450000,450400,广西壮族自治区/梧州市,wu zhou,w,2103
450403,万秀区,万秀,3,450400,450000,450400,广西壮族自治区/梧州市/万秀区,wan xiu,w,2104
450405,长洲区,长洲,3,450400,450000,450400,广西壮族自治区/梧州市/长洲区,chang zhou,c,2105
450406,龙圩区,龙圩,3,450400,450000,450400,广西壮族自治区/梧州市/龙圩区,long xu,l,2106
450421,苍梧县,苍梧,3,450400,450000,450400,广西壮族自治区/梧州市/苍梧县,cang wu,c,2107
450422,藤县,藤县,3,450400,450000,450400,广西壮族自治区/梧州市/藤县,teng xian,t,2108
450423,蒙山县,蒙山,3,450400,450000,450400,广西壮族自治区/梧州市/蒙山县,meng shan,m,2109
450481,岑溪市,岑溪,3,450400,450000,450400,广西壮族自治区/梧州市/岑溪市,cen xi,c,2110
450500,北海市,北海,2,450000,450000,450500,广西壮族自治区/北海市,bei hai,b,2111
450502,海城区,海城,3,450500,450000,450500,广西壮族自治区/北海市/海城区,hai cheng,h,2112
450503,银海区,银海,3,450500,450000,450500,广西壮族自治区/北海市/银海区,yin hai,y,2113
450512,铁山港区,铁山港,3,450500,450000,450500,广西壮族自治区/北海市/铁山港区,tie shan gang,t,2114
450521,合浦县,合浦,3,450500,450000,450500,广西壮族自治区/北海市/合浦县,he pu,h,2115
450600,防城港市,防城港,2,450000,450000,450600,广西壮族自治区/防城港市,fang cheng gang,f,2116
450602,港口区,港口,3,450600,450000,450600,广西壮族自治区/防城港市/港口区,gang kou,g,2117
450603,防城区,防城,3,450600,450000,450600,广西壮族自治区/防城港市/防城区,fang cheng,f,2118
450621,上思县,上思,3,450600,450000,450600,广西壮族自治区/防城港市/上思县,shang si,s,2119
450681,东兴市,东兴,3,450600,450000,450600,广西壮族自治区/防城港市/东兴市,dong xing,d,2120
450700,钦州市,钦州,2,450000,450000,450700,广西壮族自治区/钦州市,qin zhou,q,2121
450702,钦南区,钦南,3,450700,450000,450700,广西壮族自治区/钦州市/钦南区,qin nan,q,2122
450703,钦北区,钦北,3,450700,450000,450700,广西壮族自治区/钦州市/钦北区,qin bei,q,2123
450721,灵山县,灵山,3,450700,450000,450700,广西壮族自治区/钦州市/灵山县,ling shan,l,2124
450722,浦北县,浦北,3,450700,450000,450700,广西壮族自治区/钦州市/浦北县,pu bei,p,2125
450800,贵港市,贵港,2,450000,450000,450800,广西壮族自治区/贵港市,gui gang,g,2126
450802,港北区,港北,3,450800,450000,450800,广西壮族自治区/贵港市/港北区,gang bei,g,2127
450803,港南区,港南,3,450800,450000,450800,广西壮族自治区/贵港市/港南区,gang nan,g,2128
450804,覃塘区,覃塘,3,450800,450000,450800,广西壮族自治区/贵港市/覃塘区,qin tang,q,2129
450821,平南县,平南,3,450800,450000,450800,广西壮族自治区/贵港市/平南县,ping nan,p,2130
450881,桂平市,桂平,3,450800,450000,450800,广西壮族自治区/贵港市/桂平市,gui ping,g,2131
450900,玉林市,玉林,2,450000,450000,450900,广西壮族自治区/玉林市,yu lin,y,2132
450902,玉州区,玉州,3,450900,450000,450900,广西壮族自治区/玉林市/玉州区,yu zhou,y,2133
450903,福绵区,福绵,3,450900,450000,450900,广西壮族自治区/玉林市/福绵区,fu mian,f,2134
450921,容县,容县,3,450900,450000,450900,广西壮族自治区/玉林市/容县,rong xian,r,2135
450922,陆川县,陆川,3,450900,450000,450900,广西壮族自治区/玉林市/陆川县,lu chuan,l,2136
450923,博白县,博白,3,450900,450000,450900,广西壮族自治区/玉林市/博白县,bo bai,b,2137
450924,兴业县,兴业,3,450900,450000,450900,广西壮族自治区/玉林市/兴业县,xing ye,x,2138
450981,北流市,北流,3,450900,450000,450900,广西壮族自治区/玉林市/北流市,bei liu,b,2139
451000,百色市,百色,2,450000,450000,451000,广西壮族自治区/百色市,bai se,b,2140
451002,右江区,右江,3,451000,450000,451000,广西壮族自治区/百色市/右江区,you jiang,y,2141
451003,田阳区,田阳,3,451000,450000,451000,广西壮族自治区/百色市/田阳区,tian yang,t,2142
451022,田东县,田东,3,451000,450000,451000,广西壮族自治区/百色市/田东县,tian dong,t,2143
451024,德保县,德保,3,451000,450000,451000,广西壮族自治区/百色市/德保县,de bao,d,2144
451026,那坡县,那坡,3,451000,450000,451000,广西壮族自治区/百色市/那坡县,na po,n,2145
451027,凌云县,凌云,3,451000,450000,451000,广西壮族自治区/百色市/凌云县,ling yun,l,2146
451028,乐业县,乐业,3,451000,450000,451000,广西壮族自治区/百色市/乐业县,le ye,l,2147
451029,田林县,田林,3,451000,450000,451000,广西壮族自治区/百色市/田林县,tian lin,t,2148
451030,西林县,西林,3,451000,450000,451000,广西壮族自治区/百色市/西林县,xi lin,x,2149
451031,隆林各族自治县,隆林,3,451000,450000,451000,广西壮族自治区/百色市/隆林各族自治县,long lin,l,2150
451081,靖西市,靖西,3,451000,450000,451000,广西壮族自治区/百色市/靖西市,jing xi,j,2151
451082,平果市,平果,3,451000,450000,451000,广西壮族自治区/百色市/平果市,ping guo,p,2152
451100,贺州市,贺州,2,450000,450000,451100,广西壮族自治区/贺州市,he zhou,h,2153
451102,八步区,八步,3,451100,450000,451100,广西壮族自治区/贺州市/八步区,ba bu,b,2154
451103,平桂区,平桂,3,451100,450000,451100,广西壮族自治区/贺州市/平桂区,ping gui,p,2155
451121,昭平县,昭平,3,451100,450000,451100,广西壮族自治区/贺州市/昭平县,zhao ping,z,2156
451122,钟山县,钟山,3,451100,450000,451100,广西壮族自治区/贺州市/钟山县,zhong shan,z,2157
451123,富川瑶族自治县,富川,3,451100,450000,451100,广西壮族自治区/贺州市/富川瑶族自治县,fu chuan,f,2158
451200,河池市,河池,2,450000,450000,451200,广西壮族自治区/河池市,he chi,h,2159
451202,金城江区,金城江,3,451200,450000,451200,广西壮族自治区/河池市/金城江区,jin cheng jiang,j,2160
451203,宜州区,宜州,3,451200,450000,451200,广西壮族自治区/河池市/宜州区,yi zhou,y,2161
451221,南丹县,南丹,3,451200,450000,451200,广西壮族自治区/河池市/南丹县,nan dan,n,2162
451222,天峨县,天峨,3,451200,450000,451200,广西壮族自治区/河池市/天峨县,tian e,t,2163
451223,凤山县,凤山,3,451200,450000,451200,广西壮族自治区/河池市/凤山县,feng shan,f,2164
451224,东兰县,东兰,3,451200,450000,451200,广西壮族自治区/河池市/东兰县,dong lan,d,2165
451225,罗城仫佬族自治县,罗城,3,451200,450000,451200,广西壮族自治区/河池市/罗城仫佬族自治县,luo cheng,l,2166
451226,环江毛南族自治县,环江,3,451200,450000,451200,广西壮族自治区/河池市/环江毛南族自治县,huan jiang,h,2167
451227,巴马瑶族自治县,巴马,3,451200,450000,451200,广西壮族自治区/河池市/巴马瑶族自治县,ba ma,b,2168
451228,都安瑶族自治县,都安,3,451200,450000,451200,广西壮族自治区/河池市/都安瑶族自治县,du an,d,2169
451229,大化瑶族自治县,大化,3,451200,450000,451200,广西壮族自治区/河池市/大化瑶族自治县,da hua,d,2170
451300,来宾市,来宾,2,450000,450000,451300,广西壮族自治区/来宾市,lai bin,l,2171
451302,兴宾区,兴宾,3,451300,450000,451300,广西壮族自治区/来宾市/兴宾区,xing bin,x,2172
451321,忻城县,忻城,3,451300,450000,451300,广西壮族自治区/来宾市/忻城县,xin cheng,x,2173
451322,象州县,象州,3,451300,450000,451300,广西壮族自治区/来宾市/象州县,xiang zhou,x,2174
451323,武宣县,武宣,3,451300,450000,451300,广西壮族自治区/来宾市/武宣县,wu xuan,w,2175
451324,金秀瑶族自治县,金秀,3,451300,450000,451300,广西壮族自治区/来宾市/金秀瑶族自治县,jin xiu,j,2176
451381,合山市,合山,3,451300,450000,451300,广西壮族自治区/来宾市/合山市,he shan,h,2177
451400,崇左市,崇左,2,450000,450000,451400,广西壮族自治区/崇左市,chong zuo,c,2178
451402,江州区,江州,3,451400,450000,451400,广西壮族自治区/崇左市/江州区,jiang zhou,j,2179
451421,扶绥县,扶绥,3,451400,450000,451400,广西壮族自治区/崇左市/扶绥县,fu sui,f,2180
451422,宁明县,宁明,3,451400,450000,451400,广西壮族自治区/崇左市/宁明县,ning ming,n,2181
451423,龙州县,龙州,3,451400,450000,451400,广西壮族自治区/崇左市/龙州县,long zhou,l,2182
451424,大新县,大新,3,451400,450000,451400,广西壮族自治区/崇左市/大新县,da xin,d,2183
451425,天等县,天等,3,451400,450000,451400,广西壮族自治区/崇左市/天等县,tian deng,t,2184
451481,凭祥市,凭祥,3,451400,450000,451400,广西壮族自治区/崇左市/凭祥市,ping xiang,p,2185
460000,海南省,海南,1,,460000,,海南省,hai nan,h,2186
460100,海口市,海口,2,460000,460000,460100,海南省/海口市,hai kou,h,2187
460105,秀英区,秀英,3,460100,460000,460100,海南省/海口市/秀英区,xiu ying,x,2188
460106,龙华区,龙华,3,460100,460000,460100,海南省/海口市/龙华区,long hua,l,2189
460107,琼山区,琼山,3,460100,460000,460100,海南省/海口市/琼山区,qiong shan,q,2190
460108,美兰区,美兰,3,460100,460000,460100,海南省/海口市/美兰区,mei lan,m,2191
460200,三亚市,三亚,2,460000,460000,460200,海南省/三亚市,san ya,s,2192
460202,海棠区,海棠,3,460200,460000,460200,海南省/三亚市/海棠区,hai tang,h,2193
460203,吉阳区,吉阳,3,460200,460000,460200,海南省/三亚市/吉阳区,ji yang,j,2194
460204,天涯区,天涯,3,460200,460000,460200,海南省/三亚市/天涯区,tian ya,t,2195
460205,崖州区,崖州,3,460200,460000,460200,海南省/三亚市/崖州区,ya zhou,y,2196
460300,三沙市,三沙,2,460000,460000,460300,海南省/三沙市,san sha,s,2197
460302,西沙区,西沙,3,460300,460000,460300,海南省/三沙市/西沙区,xi sha,x,2198
460303,南沙区,南沙,3,460300,460000,460300,海南省/三沙市/南沙区,nan sha,n,2199
460400,儋州市,儋州,2,460000,460000,460400,海南省/儋州市,dan zhou,d,2200
469001,五指山市,五指山,3,460000,460000,,海南省/五指山市,wu zhi shan,w,2201
469002,琼海市,琼海,3,460000,460000,,海南省/琼海市,qiong hai,q,2202
469005,文昌市,文昌,3,460000,460000,,海南省/文昌市,wen chang,w,2203
469006,万宁市,万宁,3,460000,460000,,海南省/万宁市,wan ning,w,2204
469007,东方市,东方,3,460000,460000,,海南省/东方市,dong fang,d,2205
469021,定安县,定安,3,460000,460000,,海南省/定安县,ding an,d,2206
469022,屯昌县,屯昌,3,460000,460000,,海南省/屯昌县,tun chang,t,2207
469023,澄迈县,澄迈,3,460000,460000,,海南省/澄迈县,cheng mai,c,2208
469024,临高县,临高,3,460000,460000,,海南省/临高县,lin gao,l,2209
469025,白沙黎族自治县,白沙,3,460000,460000,,海南省/白沙黎族自治县,bai sha,b,2210
469026,昌江黎族自治县,昌江,3,460000,460000,,海南省/昌江黎族自治县,chang jiang,c,2211
469027,乐东黎族自治县,乐东,3,460000,460000,,海南省/乐东黎族自治县,le dong,l,2212
469028,陵水黎族自治县,陵水,3,460000,460000,,海南省/陵水黎族自治县,ling shui,l,2213
469029,保亭黎族苗族自治县,保亭,3,460000,460000,,海南省/保亭黎族苗族自治县,bao ting,b,2214
469030,琼中黎族苗族自治县,琼中,3,460000,460000,,海南省/琼中黎族苗族自治县,qiong zhong,q,2215
500000,重庆市,重庆,1,,500000,,重庆市,chong qing,c,2216
500101,万州区,万州,3,500000,500000,,重庆市/万州区,wan zhou,w,2217
500102,涪陵区,涪陵,3,500000,500000,,重庆市/涪陵区,fu ling,f,2218
500103,渝中区,渝中,3,500000,500000,,重庆市/渝中区,yu zhong,y,2219
500104,大渡口区,大渡口,3,500000,500000,,重庆市/大渡口区,da du kou,d,2220
500106,沙坪坝区,沙坪坝,3,500000,500000,,重庆市/沙坪坝区,sha ping ba,s,2221
500107,九龙坡区,九龙坡,3,500000,500000,,重庆市/九龙坡区,jiu long po,j,2222
500108,南岸区,南岸,3,500000,500000,,重庆市/南岸区,nan an,n,2223
500109,北碚区,北碚,3,500000,500000,,重庆市/北碚区,bei bei,b,2224
500110,綦江区,綦江,3,500000,500000,,重庆市/綦江区,qi jiang,q,2225
500111,大足区,大足,3,500000,500000,,重庆市/大足区,da zu,d,2226
500113,巴南区,巴南,3,500000,500000,,重庆市/巴南区,ba nan,b,2227
500114,黔江区,黔江,3,500000,500000,,重庆市/黔江区,qian jiang,q,2228
500115,长寿区,长寿,3,500000,500000,,重庆市/长寿区,chang shou,c,2229
500116,江津区,江津,3,500000,500000,,重庆市/江津区,jiang jin,j,2230
500117,合川区,合川,3,500000,500000,,重庆市/合川区,he chuan,h,2231
500118,永川区,永川,3,500000,500000,,重庆市/永川区,yong chuan,y,2232
500119,南川区,南川,3,500000,500000,,重庆市/南川区,nan chuan,n,2233
500120,璧山区,璧山,3,500000,500000,,重庆市/璧山区,bi shan,b,2234
500151,铜梁区,铜梁,3,500000,500000,,重庆市/铜梁区,tong liang,t,2235
500152,潼南区,潼南,3,500000,500000,,重庆市/潼南区,tong nan,t,2236
500153,荣昌区,荣昌,3,500000,500000,,重庆市/荣昌区,rong chang,r,2237
500154,开州区,开州,3,500000,500000,,重庆市/开州区,kai zhou,k,2238
500155,梁平区,梁平,3,500000,500000,,重庆市/梁平区,liang ping,l,2239
500156,武隆区,武隆,3,500000,500000,,重庆市/武隆区,wu long,w,2240
500157,两江新区,两江新区,3,500000,500000,,重庆市/两江新区,liang jiang xin qu,l,2241
500229,城口县,城口,3,500000,500000,,重庆市/城口县,cheng kou,c,2242
500230,丰都县,丰都,3,500000,500000,,重庆市/丰都县,feng du,f,2243
500231,垫江县,垫江,3,500000,500000,,重庆市/垫江县,dian jiang,d,2244
500233,忠县,忠县,3,500000,500000,,重庆市/忠县,zhong xian,z,2245
500235,云阳县,云阳,3,500000,500000,,重庆市/云阳县,yun yang,y,2246
500236,奉节县,奉节,3,500000,500000,,重庆市/奉节县,feng jie,f,2247
500237,巫山县,巫山,3,500000,500000,,重庆市/巫山县,wu shan,w,2248
500238,巫溪县,巫溪,3,500000,500000,,重庆市/巫溪县,wu xi,w,2249
500240,石柱土家族自治县,石柱,3,500000,500000,,重庆市/石柱土家族自治县,shi zhu,s,2250
500241,秀山土家族苗族自治县,秀山,3,500000,500000,,重庆市/秀山土家族苗族自治县,xiu shan,x,2251
500242,酉阳土家族苗族自治县,酉阳,3,500000,500000,,重庆市/酉阳土家族苗族自治县,you yang,y,2252
500243,彭水苗族土家族自治县,彭水,3,500000,500000,,重庆市/彭水苗族土家族自治县,peng shui,p,2253
510000,四川省,四川,1,,510000,,四川省,si chuan,s,2254
510100,成都市,成都,2,510000,510000,510100,四川省/成都市,cheng du,c,2255
510104,锦江区,锦江,3,510100,510000,510100,四川省/成都市/锦江区,jin jiang,j,2256
510105,青羊区,青羊,3,510100,510000,510100,四川省/成都市/青羊区,qing yang,q,2257
510106,金牛区,金牛,3,510100,510000,510100,四川省/成都市/金牛区,jin niu,j,2258
510107,武侯区,武侯,3,510100,510000,510100,四川省/成都市/武侯区,wu hou,w,2259
510108,成华区,成华,3,510100,510000,510100,四川省/成都市/成华区,cheng hua,c,2260
510112,龙泉驿区,龙泉驿,3,510100,510000,510100,四川省/成都市/龙泉驿区,long quan yi,l,2261
510113,青白江区,青白江,3,510100,510000,510100,四川省/成都市/青白江区,qing bai jiang,q,2262
510114,新都区,新都,3,510100,510000,510100,四川省/成都市/新都区,xin du,x,2263
510115,温江区,温江,3,510100,510000,510100,四川省/成都市/温江区,wen jiang,w,2264
510116,双流区,双流,3,510100,510000,510100,四川省/成都市/双流区,shuang liu,s,2265
510117,郫都区,郫都,3,510100,510000,510100,四川省/成都市/郫都区,pi du,p,2266
510118,新津区,新津,3,510100,510000,510100,四川省/成都市/新津区,xin jin,x,2267
510121,金堂县,金堂,3,510100,510000,510100,四川省/成都市/金堂县,jin tang,j,2268
510129,大邑县,大邑,3,510100,510000,510100,四川省/成都市/大邑县,da yi,d,2269
510131,蒲江县,蒲江,3,510100,510000,510100,四川省/成都市/蒲江县,pu jiang,p,2270
510181,都江堰市,都江堰,3,510100,510000,510100,四川省/成都市/都江堰市,du jiang yan,d,2271
510182,彭州市,彭州,3,510100,510000,510100,四川省/成都市/彭州市,peng zhou,p,2272
510183,邛崃市,邛崃,3,510100,510000,510100,四川省/成都市/邛崃市,qiong lai,q,2273
510184,崇州市,崇州,3,510100,510000,510100,四川省/成都市/崇州市,chong zhou,c,2274
510185,简阳市,简阳,3,510100,510000,510100,四川省/成都市/简阳市,jian yang,j,2275
510300,自贡市,自贡,2,510000,510000,510300,四川省/自贡市,zi gong,z,2276
510302,自流井区,自流井,3,510300,510000,510300,四川省/自贡市/自流井区,zi liu jing,z,2277
510303,贡井区,贡井,3,510300,510000,510300,四川省/自贡市/贡井区,gong jing,g,2278
510304,大安区,大安,3,510300,510000,510300,四川省/自贡市/大安区,da an,d,2279
510311,沿滩区,沿滩,3,510300,510000,510300,四川省/自贡市/沿滩区,yan tan,y,2280
510321,荣县,荣县,3,510300,510000,510300,四川省/自贡市/荣县,rong xian,r,2281
510322,富顺县,富顺,3,510300,510000,510300,四川省/自贡市/富顺县,fu shun,f,2282
510400,攀枝花市,攀枝花,2,510000,510000,510400,四川省/攀枝花市,pan zhi hua,p,2283
510402,东区,东区,3,510400,510000,510400,四川省/攀枝花市/东区,dong qu,d,2284
510403,西区,西区,3,510400,510000,510400,四川省/攀枝花市/西区,xi qu,x,2285
510411,仁和区,仁和,3,510400,510000,510400,四川省/攀枝花市/仁和区,ren he,r,2286
510421,米易县,米易,3,510400,510000,510400,四川省/攀枝花市/米易县,mi yi,m,2287
510422,盐边县,盐边,3,510400,510000,510400,四川省/攀枝花市/盐边县,yan bian,y,2288
510500,泸州市,泸州,2,510000,510000,510500,四川省/泸州市,lu zhou,l,2289
510502,江阳区,江阳,3,510500,510000,510500,四川省/泸州市/江阳区,jiang yang,j,2290
510503,纳溪区,纳溪,3,510500,510000,510500,四川省/泸州市/纳溪区,na xi,n,2291
510504,龙马潭区,龙马潭,3,510500,510000,510500,四川省/泸州市/龙马潭区,long ma tan,l,2292
510521,泸县,泸县,3,510500,510000,510500,四川省/泸州市/泸县,lu xian,l,2293
510522,合江县,合江,3,510500,510000,510500,四川省/泸州市/合江县,he jiang,h,2294
510524,叙永县,叙永,3,510500,510000,510500,四川省/泸州市/叙永县,xu yong,x,2295
510525,古蔺县,古蔺,3,510500,510000,510500,四川省/泸州市/古蔺县,gu lin,g,2296
510600,德阳市,德阳,2,510000,510000,510600,四川省/德阳市,de yang,d,2297
510603,旌阳区,旌阳,3,510600,510000,510600,四川省/德阳市/旌阳区,jing yang,j,2298
510604,罗江区,罗江,3,510600,510000,510600,四川省/德阳市/罗江区,luo jiang,l,2299
510623,中江县,中江,3,510600,510000,510600,四川省/德阳市/中江县,zhong jiang,z,2300
510681,广汉市,广汉,3,510600,510000,510600,四川省/德阳市/广汉市,guang han,g,2301
510682,什邡市,什邡,3,510600,510000,510600,四川省/德阳市/什邡市,shi fang,s,2302
510683,绵竹市,绵竹,3,510600,510000,510600,四川省/德阳市/绵竹市,mian zhu,m,2303
510700,绵阳市,绵阳,2,510000,510000,510700,四川省/绵阳市,mian yang,m,2304
510703,涪城区,涪城,3,510700,510000,510700,四川省/绵阳市/涪城区,fu cheng,f,2305
510704,游仙区,游仙,3,510700,510000,510700,四川省/绵阳市/游仙区,you xian,y,2306
510705,安州区,安州,3,510700,510000,510700,四川省/绵阳市/安州区,an zhou,a,2307
510722,三台县,三台,3,510700,510000,510700,四川省/绵阳市/三台县,san tai,s,2308
510723,盐亭县,盐亭,3,510700,510000,510700,四川省/绵阳市/盐亭县,yan ting,y,2309
510725,梓潼县,梓潼,3,510700,510000,510700,四川省/绵阳市/梓潼县,zi tong,z,2310
510726,北川羌族自治县,北川,3,510700,510000,510700,四川省/绵阳市/北川羌族自治县,bei chuan,b,2311
510727,平武县,平武,3,510700,510000,510700,四川省/绵阳市/平武县,ping wu,p,2312
510781,江油市,江油,3,510700,510000,510700,四川省/绵阳市/江油市,jiang you,j,2313
510800,广元市,广元,2,510000,510000,510800,四川省/广元市,guang yuan,g,2314
510802,利州区,利州,3,510800,510000,510800,四川省/广元市/利州区,li zhou,l,2315
510811,昭化区,昭化,3,510800,510000,510800,四川省/广元市/昭化区,zhao hua,z,2316
510812,朝天区,朝天,3,510800,510000,510800,四川省/广元市/朝天区,chao tian,c,2317
510821,旺苍县,旺苍,3,510800,510000,510800,四川省/广元市/旺苍县,wang cang,w,2318
510822,青川县,青川,3,510800,510000,510800,四川省/广元市/青川县,qing chuan,q,2319
510823,剑阁县,剑阁,3,510800,510000,510800,四川省/广元市/剑阁县,jian ge,j,2320
510824,苍溪县,苍溪,3,510800,510000,510800,四川省/广元市/苍溪县,cang xi,c,2321
510900,遂宁市,遂宁,2,510000,510000,510900,四川省/遂宁市,sui ning,s,2322
510903,船山区,船山,3,510900,510000,510900,四川省/遂宁市/船山区,chuan shan,c,2323
510904,安居区,安居,3,510900,510000,510900,四川省/遂宁市/安居区,an ju,a,2324
510921,蓬溪县,蓬溪,3,510900,510000,510900,四川省/遂宁市/蓬溪县,peng xi,p,2325
510923,大英县,大英,3,510900,510000,510900,四川省/遂宁市/大英县,da ying,d,2326
510981,射洪市,射洪,3,510900,510000,510900,四川省/遂宁市/射洪市,she hong,s,2327
511000,内江市,内江,2,510000,510000,511000,四川省/内江市,nei jiang,n,2328
511002,市中区,市中,3,511000,510000,511000,四川省/内江市/市中区,shi zhong,s,2329
511011,东兴区,东兴,3,511000,510000,511000,四川省/内江市/东兴区,dong xing,d,2330
511024,威远县,威远,3,511000,510000,511000,四川省/内江市/威远县,wei yuan,w,2331
511025,资中县,资中,3,511000,510000,511000,四川省/内江市/资中县,zi zhong,z,2332
511083,隆昌市,隆昌,3,511000,510000,511000,四川省/内江市/隆昌市,long chang,l,2333
511100,乐山市,乐山,2,510000,510000,511100,四川省/乐山市,le shan,l,2334
511102,市中区,市中,3,511100,510000,511100,四川省/乐山市/市中区,shi zhong,s,2335
511111,沙湾区,沙湾,3,511100,510000,511100,四川省/乐山市/沙湾区,sha wan,s,2336
511112,五通桥区,五通桥,3,511100,510000,511100,四川省/乐山市/五通桥区,wu tong qiao,w,2337
511113,金口河区,金口河,3,511100,510000,511100,四川省/乐山市/金口河区,jin kou he,j,2338
511123,犍为县,犍为,3,511100,510000,511100,四川省/乐山市/犍为县,qian wei,q,2339
511124,井研县,井研,3,511100,510000,511100,四川省/乐山市/井研县,jing yan,j,2340
511126,夹江县,夹江,3,511100,510000,511100,四川省/乐山市/夹江县,jia jiang,j,2341
511129,沐川县,沐川,3,511100,510000,511100,四川省/乐山市/沐川县,mu chuan,m,2342
511132,峨边彝族自治县,峨边,3,511100,510000,511100,四川省/乐山市/峨边彝族自治县,e bian,e,2343
511133,马边彝族自治县,马边,3,511100,510000,511100,四川省/乐山市/马边彝族自治县,ma bian,m,2344
511181,峨眉山市,峨眉山,3,511100,510000,511100,四川省/乐山市/峨眉山市,e mei shan,e,2345
511300,南充市,南充,2,510000,510000,511300,四川省/南充市,nan chong,n,2346
511302,顺庆区,顺庆,3,511300,510000,511300,四川省/南充市/顺庆区,shun qing,s,2347
511303,高坪区,高坪,3,511300,510000,511300,四川省/南充市/高坪区,gao ping,g,2348
511304,嘉陵区,嘉陵,3,511300,510000,511300,四川省/南充市/嘉陵区,jia ling,j,2349
511321,南部县,南部,3,511300,510000,511300,四川省/南充市/南部县,nan bu,n,2350
511322,营山县,营山,3,511300,510000,511300,四川省/南充市/营山县,ying shan,y,2351
511323,蓬安县,蓬安,3,511300,510000,511300,四川省/南充市/蓬安县,peng an,p,2352
511324,仪陇县,仪陇,3,511300,510000,511300,四川省/南充市/仪陇县,yi long,y,2353
511325,西充县,西充,3,511300,510000,511300,四川省/南充市/西充县,xi chong,x,2354
511381,阆中市,阆中,3,511300,510000,511300,四川省/南充市/阆中市,lang zhong,l,2355
511400,眉山市,眉山,2,510000,510000,511400,四川省/眉山市,mei shan,m,2356
511402,东坡区,东坡,3,511400,510000,511400,四川省/眉山市/东坡区,dong po,d,2357
511403,彭山区,彭山,3,511400,510000,511400,四川省/眉山市/彭山区,peng shan,p,2358
511421,仁寿县,仁寿,3,511400,510000,511400,四川省/眉山市/仁寿县,ren shou,r,2359
511423,洪雅县,洪雅,3,511400,510000,511400,四川省/眉山市/洪雅县,hong ya,h,2360
511424,丹棱县,丹棱,3,511400,510000,511400,四川省/眉山市/丹棱县,dan ling,d,2361
511425,青神县,青神,3,511400,510000,511400,四川省/眉山市/青神县,qing shen,q,2362
511500,宜宾市,宜宾,2,510000,510000,511500,四川省/宜宾市,yi bin,y,2363
511502,翠屏区,翠屏,3,511500,510000,511500,四川省/宜宾市/翠屏区,cui ping,c,2364
511503,南溪区,南溪,3,511500,510000,511500,四川省/宜宾市/南溪区,nan xi,n,2365
511504,叙州区,叙州,3,511500,510000,511500,四川省/宜宾市/叙州区,xu zhou,x,2366
511523,江安县,江安,3,511500,510000,511500,四川省/宜宾市/江安县,jiang an,j,2367
511524,长宁县,长宁,3,511500,510000,511500,四川省/宜宾市/长宁县,chang ning,c,2368
511525,高县,高县,3,511500,510000,511500,四川省/宜宾市/高县,gao xian,g,2369
511526,珙县,珙县,3,511500,510000,511500,四川省/宜宾市/珙县,gong xian,g,2370
511527,筠连县,筠连,3,511500,510000,511500,四川省/宜宾市/筠连县,jun lian,j,2371
511528,兴文县,兴文,3,511500,510000,511500,四川省/宜宾市/兴文县,xing wen,x,2372
511529,屏山县,屏山,3,511500,510000,511500,四川省/宜宾市/屏山县,ping shan,p,2373
511600,广安市,广安,2,510000,510000,511600,四川省/广安市,guang an,g,2374
511602,广安区,广安区,3,511600,510000,511600,四川省/广安市/广安区,guang an qu,g,2375
511603,前锋区,前锋,3,511600,510000,511600,四川省/广安市/前锋区,qian feng,q,2376
511621,岳池县,岳池,3,511600,510000,511600,四川省/广安市/岳池县,yue chi,y,2377
511622,武胜县,武胜,3,511600,510000,511600,四川省/广安市/武胜县,wu sheng,w,2378
511623,邻水县,邻水,3,511600,510000,511600,四川省/广安市/邻水县,lin shui,l,2379
511681,华蓥市,华蓥,3,511600,510000,511600,四川省/广安市/华蓥市,hua ying,h,2380
511700,达州市,达州,2,510000,510000,511700,四川省/达州市,da zhou,d,2381
511702,通川区,通川,3,511700,510000,511700,四川省/达州市/通川区,tong chuan,t,2382
511703,达川区,达川,3,511700,510000,511700,四川省/达州市/达川区,da chuan,d,2383
511722,宣汉县,宣汉,3,511700,510000,511700,四川省/达州市/宣汉县,xuan han,x,2384
511723,开江县,开江,3,511700,510000,511700,四川省/达州市/开江县,kai jiang,k,2385
511724,大竹县,大竹,3,511700,510000,511700,四川省/达州市/大竹县,da zhu,d,2386
511725,渠县,渠县,3,511700,510000,511700,四川省/达州市/渠县,qu xian,q,2387
511781,万源市,万源,3,511700,510000,511700,四川省/达州市/万源市,wan yuan,w,2388
511800,雅安市,雅安,2,510000,510000,511800,四川省/雅安市,ya an,y,2389
511802,雨城区,雨城,3,511800,510000,511800,四川省/雅安市/雨城区,yu cheng,y,2390
511803,名山区,名山,3,511800,510000,511800,四川省/雅安市/名山区,ming shan,m,2391
511822,荥经县,荥经,3,511800,510000,511800,四川省/雅安市/荥经县,ying jing,y,2392
511823,汉源县,汉源,3,511800,510000,511800,四川省/雅安市/汉源县,han yuan,h,2393
511824,石棉县,石棉,3,511800,510000,511800,四川省/雅安市/石棉县,shi mian,s,2394
511825,天全县,天全,3,511800,510000,511800,四川省/雅安市/天全县,tian quan,t,2395
511826,芦山县,芦山,3,511800,510000,511800,四川省/雅安市/芦山县,lu shan,l,2396
511827,宝兴县,宝兴,3,511800,510000,511800,四川省/雅安市/宝兴县,bao xing,b,2397
511900,巴中市,巴中,2,510000,510000,511900,四川省/巴中市,ba zhong,b,2398
511902,巴州区,巴州,3,511900,510000,511900,四川省/巴中市/巴州区,ba zhou,b,2399
511903,恩阳区,恩阳,3,511900,510000,511900,四川省/巴中市/恩阳区,en yang,e,2400
511921,通江县,通江,3,511900,510000,511900,四川省/巴中市/通江县,tong jiang,t,2401
511922,南江县,南江,3,511900,510000,511900,四川省/巴中市/南江县,nan jiang,n,2402
511923,平昌县,平昌,3,511900,510000,511900,四川省/巴中市/平昌县,ping chang,p,2403
512000,资阳市,资阳,2,510000,510000,512000,四川省/资阳市,zi yang,z,2404
512002,雁江区,雁江,3,512000,510000,512000,四川省/资阳市/雁江区,yan jiang,y,2405
512021,安岳县,安岳,3,512000,510000,512000,四川省/资阳市/安岳县,an yue,a,2406
512022,乐至县,乐至,3,512000,510000,512000,四川省/资阳市/乐至县,le zhi,l,2407
513200,阿坝藏族羌族自治州,阿坝,2,510000,510000,513200,四川省/阿坝藏族羌族自治州,a ba,a,2408
513201,马尔康市,马尔康,3,513200,510000,513200,四川省/阿坝藏族羌族自治州/马尔康市,ma er kang,m,2409
513221,汶川县,汶川,3,513200,510000,513200,四川省/阿坝藏族羌族自治州/汶川县,wen chuan,w,2410
513222,理县,理县,3,513200,510000,513200,四川省/阿坝藏族羌族自治州/理县,li xian,l,2411
513223,茂县,茂县,3,513200,510000,513200,四川省/阿坝藏族羌族自治州/茂县,mao xian,m,2412
513224,松潘县,松潘,3,513200,510000,513200,四川省/阿坝藏族羌族自治州/松潘县,song pan,s,2413
513225,九寨沟县,九寨沟,3,513200,510000,513200,四川省/阿坝藏族羌族自治州/九寨沟县,jiu zhai gou,j,2414
513226,金川县,金川,3,513200,510000,513200,四川省/阿坝藏族羌族自治州/金川县,jin chuan,j,2415
513227,小金县,小金,3,513200,510000,513200,四川省/阿坝藏族羌族自治州/小金县,xiao jin,x,2416
513228,黑水县,黑水,3,513200,510000,513200,四川省/阿坝藏族羌族自治州/黑水县,hei shui,h,2417
513230,壤塘县,壤塘,3,513200,510000,513200,四川省/阿坝藏族羌族自治州/壤塘县,rang tang,r,2418
513231,阿坝县,阿坝县,3,513200,510000,513200,四川省/阿坝藏族羌族自治州/阿坝县,a ba xian,a,2419
513232,若尔盖县,若尔盖,3,513200,510000,513200,四川省/阿坝藏族羌族自治州/若尔盖县,ruo er gai,r,2420
513233,红原县,红原,3,513200,510000,513200,四川省/阿坝藏族羌族自治州/红原县,hong yuan,h,2421
513300,甘孜藏族自治州,甘孜,2,510000,510000,513300,四川省/甘孜藏族自治州,gan zi,g,2422
513301,康定市,康定,3,513300,510000,513300,四川省/甘孜藏族自治州/康定市,kang ding,k,2423
513322,泸定县,泸定,3,513300,510000,513300,四川省/甘孜藏族自治州/泸定县,lu ding,l,2424
513323,丹巴县,丹巴,3,513300,510000,513300,四川省/甘孜藏族自治州/丹巴县,dan ba,d,2425
513324,九龙县,九龙,3,513300,510000,513300,四川省/甘孜藏族自治州/九龙县,jiu long,j,2426
513325,雅江县,雅江,3,513300,510000,513300,四川省/甘孜藏族自治州/雅江县,ya jiang,y,2427
513326,道孚县,道孚,3,513300,510000,513300,四川省/甘孜藏族自治州/道孚县,dao fu,d,2428
513327,炉霍县,炉霍,3,513300,510000,513300,四川省/甘孜藏族自治州/炉霍县,lu huo,l,2429
513328,甘孜县,甘孜县,3,513300,510000,513300,四川省/甘孜藏族自治州/甘孜县,gan zi xian,g,2430
513329,新龙县,新龙,3,513300,510000,513300,四川省/甘孜藏族自治州/新龙县,xin long,x,2431
513330,德格县,德格,3,513300,510000,513300,四川省/甘孜藏族自治州/德格县,de ge,d,2432
513331,白玉县,白玉,3,513300,510000,513300,四川省/甘孜藏族自治州/白玉县,bai yu,b,2433
513332,石渠县,石渠,3,513300,510000,513300,四川省/甘孜藏族自治州/石渠县,shi qu,s,2434
513333,色达县,色达,3,513300,510000,513300,四川省/甘孜藏族自治州/色达县,se da,s,2435
513334,理塘县,理塘,3,513300,510000,513300,四川省/甘孜藏族自治州/理塘县,li tang,l,2436
513335,巴塘县,巴塘,3,513300,510000,513300,四川省/甘孜藏族自治州/巴塘县,ba tang,b,2437
513336,乡城县,乡城,3,513300,510000,513300,四川省/甘孜藏族自治州/乡城县,xiang cheng,x,2438
513337,稻城县,稻城,3,513300,510000,513300,四川省/甘孜藏族自治州/稻城县,dao cheng,d,2439
513338,得荣县,得荣,3,513300,510000,513300,四川省/甘孜藏族自治州/得荣县,de rong,d,2440
513400,凉山彝族自治州,凉山,2,510000,510000,513400,四川省/凉山彝族自治州,liang shan,l,2441
513401,西昌市,西昌,3,513400,510000,513400,四川省/凉山彝族自治州/西昌市,xi chang,x,2442
513402,会理市,会理,3,513400,510000,513400,四川省/凉山彝族自治州/会理市,hui li,h,2443
513422,木里藏族自治县,木里,3,513400,510000,513400,四川省/凉山彝族自治州/木里藏族自治县,mu li,m,2444
513423,盐源县,盐源,3,513400,510000,513400,四川省/凉山彝族自治州/盐源县,yan yuan,y,2445
513424,德昌县,德昌,3,513400,510000,513400,四川省/凉山彝族自治州/德昌县,de chang,d,2446
513426,会东县,会东,3,513400,510000,513400,四川省/凉山彝族自治州/会东县,hui dong,h,2447
513427,宁南县,宁南,3,513400,510000,513400,四川省/凉山彝族自治州/宁南县,ning nan,n,2448
513428,普格县,普格,3,513400,510000,513400,四川省/凉山彝族自治州/普格县,pu ge,p,2449
513429,布拖县,布拖,3,513400,510000,513400,四川省/凉山彝族自治州/布拖县,bu tuo,b,2450
513430,金阳县,金阳,3,513400,510000,513400,四川省/凉山彝族自治州/金阳县,jin yang,j,2451
513431,昭觉县,昭觉,3,513400,510000,513400,四川省/凉山彝族自治州/昭觉县,zhao jue,z,2452
513432,喜德县,喜德,3,513400,510000,513400,四川省/凉山彝族自治州/喜德县,xi de,x,2453
513433,冕宁县,冕宁,3,513400,510000,513400,四川省/凉山彝族自治州/冕宁县,mian ning,m,2454
513434,越西县,越西,3,513400,510000,513400,四川省/凉山彝族自治州/越西县,yue xi,y,2455
513435,甘洛县,甘洛,3,513400,510000,513400,四川省/凉山彝族自治州/甘洛县,gan luo,g,2456
513436,美姑县,美姑,3,513400,510000,513400,四川省/凉山彝族自治州/美姑县,mei gu,m,2457
513437,雷波县,雷波,3,513400,510000,513400,四川省/凉山彝族自治州/雷波县,lei bo,l,2458
520000,贵州省,贵州,1,,520000,,贵州省,gui zhou,g,2459
520100,贵阳市,贵阳,2,520000,520000,520100,贵州省/贵阳市,gui yang,g,2460
520102,南明区,南明,3,520100,520000,520100,贵州省/贵阳市/南明区,nan ming,n,2461
520103,云岩区,云岩,3,520100,520000,520100,贵州省/贵阳市/云岩区,yun yan,y,2462
520111,花溪区,花溪,3,520100,520000,520100,贵州省/贵阳市/花溪区,hua xi,h,2463
520112,乌当区,乌当,3,520100,520000,520100,贵州省/贵阳市/乌当区,wu dang,w,2464
520113,白云区,白云,3,520100,520000,520100,贵州省/贵阳市/白云区,bai yun,b,2465
520115,观山湖区,观山湖,3,520100,520000,520100,贵州省/贵阳市/观山湖区,guan shan hu,g,2466
520121,开阳县,开阳,3,520100,520000,520100,贵州省/贵阳市/开阳县,kai yang,k,2467
520122,息烽县,息烽,3,520100,520000,520100,贵州省/贵阳市/息烽县,xi feng,x,2468
520123,修文县,修文,3,520100,520000,520100,贵州省/贵阳市/修文县,xiu wen,x,2469
520181,清镇市,清镇,3,520100,520000,520100,贵州省/贵阳市/清镇市,qing zhen,q,2470
520200,六盘水市,六盘水,2,520000,520000,520200,贵州省/六盘水市,liu pan shui,l,2471
520201,钟山区,钟山,3,520200,520000,520200,贵州省/六盘水市/钟山区,zhong shan,z,2472
520203,六枝特区,六枝特,3,520200,520000,520200,贵州省/六盘水市/六枝特区,liu zhi te,l,2473
520204,水城区,水城,3,520200,520000,520200,贵州省/六盘水市/水城区,shui cheng,s,2474
520281,盘州市,盘州,3,520200,520000,520200,贵州省/六盘水市/盘州市,pan zhou,p,2475
520300,遵义市,遵义,2,520000,520000,520300,贵州省/遵义市,zun yi,z,2476
520302,红花岗区,红花岗,3,520300,520000,520300,贵州省/遵义市/红花岗区,hong hua gang,h,2477
520303,汇川区,汇川,3,520300,520000,520300,贵州省/遵义市/汇川区,hui chuan,h,2478
520304,播州区,播州,3,520300,520000,520300,贵州省/遵义市/播州区,bo zhou,b,2479
520322,桐梓县,桐梓,3,520300,520000,520300,贵州省/遵义市/桐梓县,tong zi,t,2480
520323,绥阳县,绥阳,3,520300,520000,520300,贵州省/遵义市/绥阳县,sui yang,s,2481
520324,正安县,正安,3,520300,520000,520300,贵州省/遵义市/正安县,zheng an,z,2482
520325,道真仡佬族苗族自治县,道真,3,520300,520000,520300,贵州省/遵义市/道真仡佬族苗族自治县,dao zhen,d,2483
520326,务川仡佬族苗族自治县,务川,3,520300,520000,520300,贵州省/遵义市/务川仡佬族苗族自治县,wu chuan,w,2484
520327,凤冈县,凤冈,3,520300,520000,520300,贵州省/遵义市/凤冈县,feng gang,f,2485
520328,湄潭县,湄潭,3,520300,520000,520300,贵州省/遵义市/湄潭县,mei tan,m,2486
520329,余庆县,余庆,3,520300,520000,520300,贵州省/遵义市/余庆县,yu qing,y,2487
520330,习水县,习水,3,520300,520000,520300,贵州省/遵义市/习水县,xi shui,x,2488
520381,赤水市,赤水,3,520300,520000,520300,贵州省/遵义市/赤水市,chi shui,c,2489
520382,仁怀市,仁怀,3,520300,520000,520300,贵州省/遵义市/仁怀市,ren huai,r,2490
520400,安顺市,安顺,2,520000,520000,520400,贵州省/安顺市,an shun,a,2491
520402,西秀区,西秀,3,520400,520000,520400,贵州省/安顺市/西秀区,xi xiu,x,2492
520403,平坝区,平坝,3,520400,520000,520400,贵州省/安顺市/平坝区,ping ba,p,2493
520422,普定县,普定,3,520400,520000,520400,贵州省/安顺市/普定县,pu ding,p,2494
520423,镇宁布依族苗族自治县,镇宁,3,520400,520000,520400,贵州省/安顺市/镇宁布依族苗族自治县,zhen ning,z,2495
520424,关岭布依族苗族自治县,关岭,3,520400,520000,520400,贵州省/安顺市/关岭布依族苗族自治县,guan ling,g,2496
520425,紫云苗族布依族自治县,紫云,3,520400,520000,520400,贵州省/安顺市/紫云苗族布依族自治县,zi yun,z,2497
520500,毕节市,毕节,2,520000,520000,520500,贵州省/毕节市,bi jie,b,2498
520502,七星关区,七星关,3,520500,520000,520500,贵州省/毕节市/七星关区,qi xing guan,q,2499
520521,大方县,大方,3,520500,520000,520500,贵州省/毕节市/大方县,da fang,d,2500
520523,金沙县,金沙,3,520500,520000,520500,贵州省/毕节市/金沙县,jin sha,j,2501
520524,织金县,织金,3,520500,520000,520500,贵州省/毕节市/织金县,zhi jin,z,2502
520525,纳雍县,纳雍,3,520500,520000,520500,贵州省/毕节市/纳雍县,na yong,n,2503
520526,威宁彝族回族苗族自治县,威宁,3,520500,520000,520500,贵州省/毕节市/威宁彝族回族苗族自治县,wei ning,w,2504
520527,赫章县,赫章,3,520500,520000,520500,贵州省/毕节市/赫章县,he zhang,h,2505
520581,黔西市,黔西,3,520500,520000,520500,贵州省/毕节市/黔西市,qian xi,q,2506
520600,铜仁市,铜仁,2,520000,520000,520600,贵州省/铜仁市,tong ren,t,2507
520602,碧江区,碧江,3,520600,520000,520600,贵州省/铜仁市/碧江区,bi jiang,b,2508
520603,万山区,万山,3,520600,520000,520600,贵州省/铜仁市/万山区,wan shan,w,2509
520621,江口县,江口,3,520600,520000,520600,贵州省/铜仁市/江口县,jiang kou,j,2510
520622,玉屏侗族自治县,玉屏,3,520600,520000,520600,贵州省/铜仁市/玉屏侗族自治县,yu ping,y,2511
520623,石阡县,石阡,3,520600,520000,520600,贵州省/铜仁市/石阡县,shi qian,s,2512
520624,思南县,思南,3,520600,520000,520600,贵州省/铜仁市/思南县,si nan,s,2513
520625,印江土家族苗族自治县,印江,3,520600,520000,520600,贵州省/铜仁市/印江土家族苗族自治县,yin jiang,y,2514
520626,德江县,德江,3,520600,520000,520600,贵州省/铜仁市/德江县,de jiang,d,2515
520627,沿河土家族自治县,沿河,3,520600,520000,520600,贵州省/铜仁市/沿河土家族自治县,yan he,y,2516
520628,松桃苗族自治县,松桃,3,520600,520000,520600,贵州省/铜仁市/松桃苗族自治县,song tao,s,2517
522300,黔西南布依族苗族自治州,黔西南,2,520000,520000,522300,贵州省/黔西南布依族苗族自治州,qian xi nan,q,2518
522301,兴义市,兴义,3,522300,520000,522300,贵州省/黔西南布依族苗族自治州/兴义市,xing yi,x,2519
522302,兴仁市,兴仁,3,522300,520000,522300,贵州省/黔西南布依族苗族自治州/兴仁市,xing ren,x,2520
522323,普安县,普安,3,522300,520000,522300,贵州省/黔西南布依族苗族自治州/普安县,pu an,p,2521
522324,晴隆县,晴隆,3,522300,520000,522300,贵州省/黔西南布依族苗族自治州/晴隆县,qing long,q,2522
522325,贞丰县,贞丰,3,522300,520000,522300,贵州省/黔西南布依族苗族自治州/贞丰县,zhen feng,z,2523
522326,望谟县,望谟,3,522300,520000,522300,贵州省/黔西南布依族苗族自治州/望谟县,wang mo,w,2524
522327,册亨县,册亨,3,522300,520000,522300,贵州省/黔西南布依族苗族自治州/册亨县,ce heng,c,2525
522328,安龙县,安龙,3,522300,520000,522300,贵州省/黔西南布依族苗族自治州/安龙县,an long,a,2526
522600,黔东南苗族侗族自治州,黔东南,2,520000,520000,522600,贵州省/黔东南苗族侗族自治州,qian dong nan,q,2527
522601,凯里市,凯里,3,522600,520000,522600,贵州省/黔东南苗族侗族自治州/凯里市,kai li,k,2528
522622,黄平县,黄平,3,522600,520000,522600,贵州省/黔东南苗族侗族自治州/黄平县,huang ping,h,2529
522623,施秉县,施秉,3,522600,520000,522600,贵州省/黔东南苗族侗族自治州/施秉县,shi bing,s,2530
522624,三穗县,三穗,3,522600,520000,522600,贵州省/黔东南苗族侗族自治州/三穗县,san sui,s,2531
522625,镇远县,镇远,3,522600,520000,522600,贵州省/黔东南苗族侗族自治州/镇远县,zhen yuan,z,2532
522626,岑巩县,岑巩,3,522600,520000,522600,贵州省/黔东南苗族侗族自治州/岑巩县,cen gong,c,2533
522627,天柱县,天柱,3,522600,520000,522600,贵州省/黔东南苗族侗族自治州/天柱县,tian zhu,t,2534
522628,锦屏县,锦屏,3,522600,520000,522600,贵州省/黔东南苗族侗族自治州/锦屏县,jin ping,j,2535
522629,剑河县,剑河,3,522600,520000,522600,贵州省/黔东南苗族侗族自治州/剑河县,jian he,j,2536
522630,台江县,台江,3,522600,520000,522600,贵州省/黔东南苗族侗族自治州/台江县,tai jiang,t,2537
522631,黎平县,黎平,3,522600,520000,522600,贵州省/黔东南苗族侗族自治州/黎平县,li ping,l,2538
522632,榕江县,榕江,3,522600,520000,522600,贵州省/黔东南苗族侗族自治州/榕江县,rong jiang,r,2539
522633,从江县,从江,3,522600,520000,522600,贵州省/黔东南苗族侗族自治州/从江县,cong jiang,c,2540
522634,雷山县,雷山,3,522600,520000,522600,贵州省/黔东南苗族侗族自治州/雷山县,lei shan,l,2541
522635,麻江县,麻江,3,522600,520000,522600,贵州省/黔东南苗族侗族自治州/麻江县,ma jiang,m,2542
522636,丹寨县,丹寨,3,522600,520000,522600,贵州省/黔东南苗族侗族自治州/丹寨县,dan zhai,d,2543
522700,黔南布依族苗族自治州,黔南,2,520000,520000,522700,贵州省/黔南布依族苗族自治州,qian nan,q,2544
522701,都匀市,都匀,3,522700,520000,522700,贵州省/黔南布依族苗族自治州/都匀市,du yun,d,2545
522702,福泉市,福泉,3,522700,520000,522700,贵州省/黔南布依族苗族自治州/福泉市,fu quan,f,2546
522722,荔波县,荔波,3,522700,520000,522700,贵州省/黔南布依族苗族自治州/荔波县,li bo,l,2547
522723,贵定县,贵定,3,522700,520000,522700,贵州省/黔南布依族苗族自治州/贵定县,gui ding,g,2548
522725,瓮安县,瓮安,3,522700,520000,522700,贵州省/黔南布依族苗族自治州/瓮安县,weng an,w,2549
522726,独山县,独山,3,522700,520000,522700,贵州省/黔南布依族苗族自治州/独山县,du shan,d,2550
522727,平塘县,平塘,3,522700,520000,522700,贵州省/黔南布依族苗族自治州/平塘县,ping tang,p,2551
522728,罗甸县,罗甸,3,522700,520000,522700,贵州省/黔南布依族苗族自治州/罗甸县,luo dian,l,2552
522729,长顺县,长顺,3,522700,520000,522700,贵州省/黔南布依族苗族自治州/长顺县,chang shun,c,2553
522730,龙里县,龙里,3,522700,520000,522700,贵州省/黔南布依族苗族自治州/龙里县,long li,l,2554
522731,惠水县,惠水,3,522700,520000,522700,贵州省/黔南布依族苗族自治州/惠水县,hui shui,h,2555
522732,三都水族自治县,三都,3,522700,520000,522700,贵州省/黔南布依族苗族自治州/三都水族自治县,san du,s,2556
530000,云南省,云南,1,,530000,,云南省,yun nan,y,2557
530100,昆明市,昆明,2,530000,530000,530100,云南省/昆明市,kun ming,k,2558
530102,五华区,五华,3,530100,530000,530100,云南省/昆明市/五华区,wu hua,w,2559
530103,盘龙区,盘龙,3,530100,530000,530100,云南省/昆明市/盘龙区,pan long,p,2560
530111,官渡区,官渡,3,530100,530000,530100,云南省/昆明市/官渡区,guan du,g,2561
530112,西山区,西山,3,530100,530000,530100,云南省/昆明市/西山区,xi shan,x,2562
530113,东川区,东川,3,530100,530000,530100,云南省/昆明市/东川区,dong chuan,d,2563
530114,呈贡区,呈贡,3,530100,530000,530100,云南省/昆明市/呈贡区,cheng gong,c,2564
530115,晋宁区,晋宁,3,530100,530000,530100,云南省/昆明市/晋宁区,jin ning,j,2565
530124,富民县,富民,3,530100,530000,530100,云南省/昆明市/富民县,fu min,f,2566
530125,宜良县,宜良,3,530100,530000,530100,云南省/昆明市/宜良县,yi liang,y,2567
530126,石林彝族自治县,石林,3,530100,530000,530100,云南省/昆明市/石林彝族自治县,shi lin,s,2568
530127,嵩明县,嵩明,3,530100,530000,530100,云南省/昆明市/嵩明县,song ming,s,2569
530128,禄劝彝族苗族自治县,禄劝,3,530100,530000,530100,云南省/昆明市/禄劝彝族苗族自治县,lu quan,l,2570
530129,寻甸回族彝族自治县,寻甸,3,530100,530000,530100,云南省/昆明市/寻甸回族彝族自治县,xun dian,x,2571
530181,安宁市,安宁,3,530100,530000,530100,云南省/昆明市/安宁市,an ning,a,2572
530300,曲靖市,曲靖,2,530000,530000,530300,云南省/曲靖市,qu jing,q,2573
530302,麒麟区,麒麟,3,530300,530000,530300,云南省/曲靖市/麒麟区,qi lin,q,2574
530303,沾益区,沾益,3,530300,530000,530300,云南省/曲靖市/沾益区,zhan yi,z,2575
530304,马龙区,马龙,3,530300,530000,530300,云南省/曲靖市/马龙区,ma long,m,2576
530322,陆良县,陆良,3,530300,530000,530300,云南省/曲靖市/陆良县,lu liang,l,2577
530323,师宗县,师宗,3,530300,530000,530300,云南省/曲靖市/师宗县,shi zong,s,2578
530324,罗平县,罗平,3,530300,530000,530300,云南省/曲靖市/罗平县,luo ping,l,2579
530325,富源县,富源,3,530300,530000,530300,云南省/曲靖市/富源县,fu yuan,f,2580
530326,会泽县,会泽,3,530300,530000,530300,云南省/曲靖市/会泽县,hui ze,h,2581
530381,宣威市,宣威,3,530300,530000,530300,云南省/曲靖市/宣威市,xuan wei,x,2582
530400,玉溪市,玉溪,2,530000,530000,530400,云南省/玉溪市,yu xi,y,2583
530402,红塔区,红塔,3,530400,530000,530400,云南省/玉溪市/红塔区,hong ta,h,2584
530403,江川区,江川,3,530400,530000,530400,云南省/玉溪市/江川区,jiang chuan,j,2585
530423,通海县,通海,3,530400,530000,530400,云南省/玉溪市/通海县,tong hai,t,2586
530424,华宁县,华宁,3,530400,530000,530400,云南省/玉溪市/华宁县,hua ning,h,2587
530425,易门县,易门,3,530400,530000,530400,云南省/玉溪市/易门县,yi men,y,2588
530426,峨山彝族自治县,峨山,3,530400,530000,530400,云南省/玉溪市/峨山彝族自治县,e shan,e,2589
530427,新平彝族傣族自治县,新平,3,530400,530000,530400,云南省/玉溪市/新平彝族傣族自治县,xin ping,x,2590
530428,元江哈尼族彝族傣族自治县,元江,3,530400,530000,530400,云南省/玉溪市/元江哈尼族彝族傣族自治县,yuan jiang,y,2591
530481,澄江市,澄江,3,530400,530000,530400,云南省/玉溪市/澄江市,cheng jiang,c,2592
530500,保山市,保山,2,530000,530000,530500,云南省/保山市,bao shan,b,2593
530502,隆阳区,隆阳,3,530500,530000,530500,云南省/保山市/隆阳区,long yang,l,2594
530521,施甸县,施甸,3,530500,530000,530500,云南省/保山市/施甸县,shi dian,s,2595
530523,龙陵县,龙陵,3,530500,530000,530500,云南省/保山市/龙陵县,long ling,l,2596
530524,昌宁县,昌宁,3,530500,530000,530500,云南省/保山市/昌宁县,chang ning,c,2597
530581,腾冲市,腾冲,3,530500,530000,530500,云南省/保山市/腾冲市,teng chong,t,2598
530600,昭通市,昭通,2,530000,530000,530600,云南省/昭通市,zhao tong,z,2599
530602,昭阳区,昭阳,3,530600,530000,530600,云南省/昭通市/昭阳区,zhao yang,z,2600
530621,鲁甸县,鲁甸,3,530600,530000,530600,云南省/昭通市/鲁甸县,lu dian,l,2601
530622,巧家县,巧家,3,530600,530000,530600,云南省/昭通市/巧家县,qiao jia,q,2602
530623,盐津县,盐津,3,530600,530000,530600,云南省/昭通市/盐津县,yan jin,y,2603
530624,大关县,大关,3,530600,530000,530600,云南省/昭通市/大关县,da guan,d,2604
530625,永善县,永善,3,530600,530000,530600,云南省/昭通市/永善县,yong shan,y,2605
530626,绥江县,绥江,3,530600,530000,530600,云南省/昭通市/绥江县,sui jiang,s,2606
530627,镇雄县,镇雄,3,530600,530000,530600,云南省/昭通市/镇雄县,zhen xiong,z,2607
530628,彝良县,彝良,3,530600,530000,530600,云南省/昭通市/彝良县,yi liang,y,2608
530629,威信县,威信,3,530600,530000,530600,云南省/昭通市/威信县,wei xin,w,2609
530681,水富市,水富,3,530600,530000,530600,云南省/昭通市/水富市,shui fu,s,2610
530700,丽江市,丽江,2,530000,530000,530700,云南省/丽江市,li jiang,l,2611
530702,古城区,古城,3,530700,530000,530700,云南省/丽江市/古城区,gu cheng,g,2612
530721,玉龙纳西族自治县,玉龙,3,530700,530000,530700,云南省/丽江市/玉龙纳西族自治县,yu long,y,2613
530722,永胜县,永胜,3,530700,530000,530700,云南省/丽江市/永胜县,yong sheng,y,2614
530723,华坪县,华坪,3,530700,530000,530700,云南省/丽江市/华坪县,hua ping,h,2615
530724,宁蒗彝族自治县,宁蒗,3,530700,530000,530700,云南省/丽江市/宁蒗彝族自治县,ning lang,n,2616
530800,普洱市,普洱,2,530000,530000,530800,云南省/普洱市,pu er,p,2617
530802,思茅区,思茅,3,530800,530000,530800,云南省/普洱市/思茅区,si mao,s,2618
530821,宁洱哈尼族彝族自治县,宁洱,3,530800,530000,530800,云南省/普洱市/宁洱哈尼族彝族自治县,ning er,n,2619
530822,墨江哈尼族自治县,墨江,3,530800,530000,530800,云南省/普洱市/墨江哈尼族自治县,mo jiang,m,2620
530823,景东彝族自治县,景东,3,530800,530000,530800,云南省/普洱市/景东彝族自治县,jing dong,j,2621
530824,景谷傣族彝族自治县,景谷,3,530800,530000,530800,云南省/普洱市/景谷傣族彝族自治县,jing gu,j,2622
530825,镇沅彝族哈尼族拉祜族自治县,镇沅,3,530800,530000,530800,云南省/普洱市/镇沅彝族哈尼族拉祜族自治县,zhen yuan,z,2623
530826,江城哈尼族彝族自治县,江城,3,530800,530000,530800,云南省/普洱市/江城哈尼族彝族自治县,jiang cheng,j,2624
530827,孟连傣族拉祜族佤族自治县,孟连,3,530800,530000,530800,云南省/普洱市/孟连傣族拉祜族佤族自治县,meng lian,m,2625
530828,澜沧拉祜族自治县,澜沧,3,530800,530000,530800,云南省/普洱市/澜沧拉祜族自治县,lan cang,l,2626
530829,西盟佤族自治县,西盟,3,530800,530000,530800,云南省/普洱市/西盟佤族自治县,xi meng,x,2627
530900,临沧市,临沧,2,530000,530000,530900,云南省/临沧市,lin cang,l,2628
530902,临翔区,临翔,3,530900,530000,530900,云南省/临沧市/临翔区,lin xiang,l,2629
530921,凤庆县,凤庆,3,530900,530000,530900,云南省/临沧市/凤庆县,feng qing,f,2630
530922,云县,云县,3,530900,530000,530900,云南省/临沧市/云县,yun xian,y,2631
530923,永德县,永德,3,530900,530000,530900,云南省/临沧市/永德县,yong de,y,2632
530924,镇康县,镇康,3,530900,530000,530900,云南省/临沧市/镇康县,zhen kang,z,2633
530925,双江拉祜族佤族布朗族傣族自治县,双江,3,530900,530000,530900,云南省/临沧市/双江拉祜族佤族布朗族傣族自治县,shuang jiang,s,2634
530926,耿马傣族佤族自治县,耿马,3,530900,530000,530900,云南省/临沧市/耿马傣族佤族自治县,geng ma,g,2635
530927,沧源佤族自治县,沧源,3,530900,530000,530900,云南省/临沧市/沧源佤族自治县,cang yuan,c,2636
532300,楚雄彝族自治州,楚雄,2,530000,530000,532300,云南省/楚雄彝族自治州,chu xiong,c,2637
532301,楚雄市,楚雄市,3,532300,530000,532300,云南省/楚雄彝族自治州/楚雄市,chu xiong shi,c,2638
532302,禄丰市,禄丰,3,532300,530000,532300,云南省/楚雄彝族自治州/禄丰市,lu feng,l,2639
532322,双柏县,双柏,3,532300,530000,532300,云南省/楚雄彝族自治州/双柏县,shuang bai,s,2640
532323,牟定县,牟定,3,532300,530000,532300,云南省/楚雄彝族自治州/牟定县,mou ding,m,2641
532324,南华县,南华,3,532300,530000,532300,云南省/楚雄彝族自治州/南华县,nan hua,n,2642
532325,姚安县,姚安,3,532300,530000,532300,云南省/楚雄彝族自治州/姚安县,yao an,y,2643
532326,大姚县,大姚,3,532300,530000,532300,云南省/楚雄彝族自治州/大姚县,da yao,d,2644
532327,永仁县,永仁,3,532300,530000,532300,云南省/楚雄彝族自治州/永仁县,yong ren,y,2645
532328,元谋县,元谋,3,532300,530000,532300,云南省/楚雄彝族自治州/元谋县,yuan mou,y,2646
532329,武定县,武定,3,532300,530000,532300,云南省/楚雄彝族自治州/武定县,wu ding,w,2647
532500,红河哈尼族彝族自治州,红河,2,530000,530000,532500,云南省/红河哈尼族彝族自治州,hong he,h,2648
532501,个旧市,个旧,3,532500,530000,532500,云南省/红河哈尼族彝族自治州/个旧市,ge jiu,g,2649
532502,开远市,开远,3,532500,530000,532500,云南省/红河哈尼族彝族自治州/开远市,kai yuan,k,2650
532503,蒙自市,蒙自,3,532500,530000,532500,云南省/红河哈尼族彝族自治州/蒙自市,meng zi,m,2651
532504,弥勒市,弥勒,3,532500,530000,532500,云南省/红河哈尼族彝族自治州/弥勒市,mi le,m,2652
532523,屏边苗族自治县,屏边,3,532500,530000,532500,云南省/红河哈尼族彝族自治州/屏边苗族自治县,ping bian,p,2653
532524,建水县,建水,3,532500,530000,532500,云南省/红河哈尼族彝族自治州/建水县,jian shui,j,2654
532525,石屏县,石屏,3,532500,530000,532500,云南省/红河哈尼族彝族自治州/石屏县,shi ping,s,2655
532527,泸西县,泸西,3,532500,530000,532500,云南省/红河哈尼族彝族自治州/泸西县,lu xi,l,2656
532528,元阳县,元阳,3,532500,530000,532500,云南省/红河哈尼族彝族自治州/元阳县,yuan yang,y,2657
532529,红河县,红河县,3,532500,530000,532500,云南省/红河哈尼族彝族自治州/红河县,hong he xian,h,2658
532530,金平苗族瑶族傣族自治县,金平,3,532500,530000,532500,云南省/红河哈尼族彝族自治州/金平苗族瑶族傣族自治县,jin ping,j,2659
532531,绿春县,绿春,3,532500,530000,532500,云南省/红河哈尼族彝族自治州/绿春县,lv chun,l,2660
532532,河口瑶族自治县,河口,3,532500,530000,532500,云南省/红河哈尼族彝族自治州/河口瑶族自治县,he kou,h,2661
532600,文山壮族苗族自治州,文山,2,530000,530000,532600,云南省/文山壮族苗族自治州,wen shan,w,2662
532601,文山市,文山市,3,532600,530000,532600,云南省/文山壮族苗族自治州/文山市,wen shan shi,w,2663
532622,砚山县,砚山,3,532600,530000,532600,云南省/文山壮族苗族自治州/砚山县,yan shan,y,2664
532623,西畴县,西畴,3,532600,530000,532600,云南省/文山壮族苗族自治州/西畴县,xi chou,x,2665
532624,麻栗坡县,麻栗坡,3,532600,530000,532600,云南省/文山壮族苗族自治州/麻栗坡县,ma li po,m,2666
532625,马关县,马关,3,532600,530000,532600,云南省/文山壮族苗族自治州/马关县,ma guan,m,2667
532626,丘北县,丘北,3,532600,530000,532600,云南省/文山壮族苗族自治州/丘北县,qiu bei,q,2668
532627,广南县,广南,3,532600,530000,532600,云南省/文山壮族苗族自治州/广南县,guang nan,g,2669
532628,富宁县,富宁,3,532600,530000,532600,云南省/文山壮族苗族自治州/富宁县,fu ning,f,2670
532800,西双版纳傣族自治州,西双版纳,2,530000,530000,532800,云南省/西双版纳傣族自治州,xi shuang ban na,x,2671
532801,景洪市,景洪,3,532800,530000,532800,云南省/西双版纳傣族自治州/景洪市,jing hong,j,2672
532822,勐海县,勐海,3,532800,530000,532800,云南省/西双版纳傣族自治州/勐海县,meng hai,m,2673
532823,勐腊县,勐腊,3,532800,530000,532800,云南省/西双版纳傣族自治州/勐腊县,meng la,m,2674
532900,大理白族自治州,大理,2,530000,530000,532900,云南省/大理白族自治州,da li,d,2675
532901,大理市,大理市,3,532900,530000,532900,云南省/大理白族自治州/大理市,da li shi,d,2676
532922,漾濞彝族自治县,漾濞,3,532900,530000,532900,云南省/大理白族自治州/漾濞彝族自治县,yang bi,y,2677
532923,祥云县,祥云,3,532900,530000,532900,云南省/大理白族自治州/祥云县,xiang yun,x,2678
532924,宾川县,宾川,3,532900,530000,532900,云南省/大理白族自治州/宾川县,bin chuan,b,2679
532925,弥渡县,弥渡,3,532900,530000,532900,云南省/大理白族自治州/弥渡县,mi du,m,2680
532926,南涧彝族自治县,南涧,3,532900,530000,532900,云南省/大理白族自治州/南涧彝族自治县,nan jian,n,2681
532927,巍山彝族回族自治县,巍山,3,532900,530000,532900,云南省/大理白族自治州/巍山彝族回族自治县,wei shan,w,2682
532928,永平县,永平,3,532900,530000,532900,云南省/大理白族自治州/永平县,yong ping,y,2683
532929,云龙县,云龙,3,532900,530000,532900,云南省/大理白族自治州/云龙县,yun long,y,2684
532930,洱源县,洱源,3,532900,530000,532900,云南省/大理白族自治州/洱源县,er yuan,e,2685
532931,剑川县,剑川,3,532900,530000,532900,云南省/大理白族自治州/剑川县,jian chuan,j,2686
532932,鹤庆县,鹤庆,3,532900,530000,532900,云南省/大理白族自治州/鹤庆县,he qing,h,2687
533100,德宏傣族景颇族自治州,德宏,2,530000,530000,533100,云南省/德宏傣族景颇族自治州,de hong,d,2688
533102,瑞丽市,瑞丽,3,533100,530000,533100,云南省/德宏傣族景颇族自治州/瑞丽市,rui li,r,2689
533103,芒市,芒市,3,533100,530000,533100,云南省/德宏傣族景颇族自治州/芒市,mang shi,m,2690
533122,梁河县,梁河,3,533100,530000,533100,云南省/德宏傣族景颇族自治州/梁河县,liang he,l,2691
533123,盈江县,盈江,3,533100,530000,533100,云南省/德宏傣族景颇族自治州/盈江县,ying jiang,y,2692
533124,陇川县,陇川,3,533100,530000,533100,云南省/德宏傣族景颇族自治州/陇川县,long chuan,l,2693
533300,怒江傈僳族自治州,怒江,2,530000,530000,533300,云南省/怒江傈僳族自治州,nu jiang,n,2694
533301,泸水市,泸水,3,533300,530000,533300,云南省/怒江傈僳族自治州/泸水市,lu shui,l,2695
533323,福贡县,福贡,3,533300,530000,533300,云南省/怒江傈僳族自治州/福贡县,fu gong,f,2696
533324,贡山独龙族怒族自治县,贡山,3,533300,530000,533300,云南省/怒江傈僳族自治州/贡山独龙族怒族自治县,gong shan,g,2697
533325,兰坪白族普米族自治县,兰坪,3,533300,530000,533300,云南省/怒江傈僳族自治州/兰坪白族普米族自治县,lan ping,l,2698
533400,迪庆藏族自治州,迪庆,2,530000,530000,533400,云南省/迪庆藏族自治州,di qing,d,2699
533401,香格里拉市,香格里拉,3,533400,530000,533400,云南省/迪庆藏族自治州/香格里拉市,xiang ge li la,x,2700
533422,德钦县,德钦,3,533400,530000,533400,云南省/迪庆藏族自治州/德钦县,de qin,d,2701
533423,维西傈僳族自治县,维西,3,533400,530000,533400,云南省/迪庆藏族自治州/维西傈僳族自治县,wei xi,w,2702
540000,西藏自治区,西藏,1,,540000,,西藏自治区,xi zang,x,2703
540100,拉萨市,拉萨,2,540000,540000,540100,西藏自治区/拉萨市,la sa,l,2704
540102,城关区,城关,3,540100,540000,540100,西藏自治区/拉萨市/城关区,cheng guan,c,2705
540103,堆龙德庆区,堆龙德庆区,3,540100,540000,540100,西藏自治区/拉萨市/堆龙德庆区,dui long de qing qu,d,2706
540104,达孜区,达孜,3,540100,540000,540100,西藏自治区/拉萨市/达孜区,da zi,d,2707
540121,林周县,林周,3,540100,540000,540100,西藏自治区/拉萨市/林周县,lin zhou,l,2708
540122,当雄县,当雄,3,540100,540000,540100,西藏自治区/拉萨市/当雄县,dang xiong,d,2709
540123,尼木县,尼木,3,540100,540000,540100,西藏自治区/拉萨市/尼木县,ni mu,n,2710
540124,曲水县,曲水,3,540100,540000,540100,西藏自治区/拉萨市/曲水县,qu shui,q,2711
540127,墨竹工卡县,墨竹工卡,3,540100,540000,540100,西藏自治区/拉萨市/墨竹工卡县,mo zhu gong ka,m,2712
540200,日喀则市,日喀则,2,540000,540000,540200,西藏自治区/日喀则市,ri ka ze,r,2713
540202,桑珠孜区,桑珠孜,3,540200,540000,540200,西藏自治区/日喀则市/桑珠孜区,sang zhu zi,s,2714
540221,南木林县,南木林,3,540200,540000,540200,西藏自治区/日喀则市/南木林县,nan mu lin,n,2715
540222,江孜县,江孜,3,540200,540000,540200,西藏自治区/日喀则市/江孜县,jiang zi,j,2716
540223,定日县,定日,3,540200,540000,540200,西藏自治区/日喀则市/定日县,ding ri,d,2717
540224,萨迦县,萨迦,3,540200,540000,540200,西藏自治区/日喀则市/萨迦县,sa jia,s,2718
540225,拉孜县,拉孜,3,540200,540000,540200,西藏自治区/日喀则市/拉孜县,la zi,l,2719
540226,昂仁县,昂仁,3,540200,540000,540200,西藏自治区/日喀则市/昂仁县,ang ren,a,2720
540227,谢通门县,谢通门,3,540200,540000,540200,西藏自治区/日喀则市/谢通门县,xie tong men,x,2721
540228,白朗县,白朗,3,540200,540000,540200,西藏自治区/日喀则市/白朗县,bai lang,b,2722
540229,仁布县,仁布,3,540200,540000,540200,西藏自治区/日喀则市/仁布县,ren bu,r,2723
540230,康马县,康马,3,540200,540000,540200,西藏自治区/日喀则市/康马县,kang ma,k,2724
540231,定结县,定结,3,540200,540000,540200,西藏自治区/日喀则市/定结县,ding jie,d,2725
540232,仲巴县,仲巴,3,540200,540000,540200,西藏自治区/日喀则市/仲巴县,zhong ba,z,2726
540233,亚东县,亚东,3,540200,540000,540200,西藏自治区/日喀则市/亚东县,ya dong,y,2727
540234,吉隆县,吉隆,3,540200,540000,540200,西藏自治区/日喀则市/吉隆县,ji long,j,2728
540235,聂拉木县,聂拉木,3,540200,540000,540200,西藏自治区/日喀则市/聂拉木县,nie la mu,n,2729
540236,萨嘎县,萨嘎,3,540200,540000,540200,西藏自治区/日喀则市/萨嘎县,sa ga,s,2730
540237,岗巴县,岗巴,3,540200,540000,540200,西藏自治区/日喀则市/岗巴县,gang ba,g,2731
540300,昌都市,昌都,2,540000,540000,540300,西藏自治区/昌都市,chang du,c,2732
540302,卡若区,卡若,3,540300,540000,540300,西藏自治区/昌都市/卡若区,ka ruo,k,2733
540321,江达县,江达,3,540300,540000,540300,西藏自治区/昌都市/江达县,jiang da,j,2734
540322,贡觉县,贡觉,3,540300,540000,540300,西藏自治区/昌都市/贡觉县,gong jue,g,2735
540323,类乌齐县,类乌齐,3,540300,540000,540300,西藏自治区/昌都市/类乌齐县,lei wu qi,l,2736
540324,丁青县,丁青,3,540300,540000,540300,西藏自治区/昌都市/丁青县,ding qing,d,2737
540325,察雅县,察雅,3,540300,540000,540300,西藏自治区/昌都市/察雅县,cha ya,c,2738
540326,八宿县,八宿,3,540300,540000,540300,西藏自治区/昌都市/八宿县,ba su,b,2739
540327,左贡县,左贡,3,540300,540000,540300,西藏自治区/昌都市/左贡县,zuo gong,z,2740
540328,芒康县,芒康,3,540300,540000,540300,西藏自治区/昌都市/芒康县,mang kang,m,2741
540329,洛隆县,洛隆,3,540300,540000,540300,西藏自治区/昌都市/洛隆县,luo long,l,2742
540330,边坝县,边坝,3,540300,540000,540300,西藏自治区/昌都市/边坝县,bian ba,b,2743
540400,林芝市,林芝,2,540000,540000,540400,西藏自治区/林芝市,lin zhi,l,2744
540402,巴宜区,巴宜,3,540400,540000,540400,西藏自治区/林芝市/巴宜区,ba yi,b,2745
540421,工布江达县,工布江达,3,540400,540000,540400,西藏自治区/林芝市/工布江达县,gong bu jiang da,g,2746
540423,墨脱县,墨脱,3,540400,540000,540400,西藏自治区/林芝市/墨脱县,mo tuo,m,2747
540424,波密县,波密,3,540400,540000,540400,西藏自治区/林芝市/波密县,bo mi,b,2748
540425,察隅县,察隅,3,540400,540000,540400,西藏自治区/林芝市/察隅县,cha yu,c,2749
540426,朗县,朗县,3,540400,540000,540400,西藏自治区/林芝市/朗县,lang xian,l,2750
540481,米林市,米林,3,540400,540000,540400,西藏自治区/林芝市/米林市,mi lin,m,2751
540500,山南市,山南,2,540000,540000,540500,西藏自治区/山南市,shan nan,s,2752
540502,乃东区,乃东,3,540500,540000,540500,西藏自治区/山南市/乃东区,nai dong,n,2753
540521,扎囊县,扎囊,3,540500,540000,540500,西藏自治区/山南市/扎囊县,zha nang,z,2754
540522,贡嘎县,贡嘎,3,540500,540000,540500,西藏自治区/山南市/贡嘎县,gong ga,g,2755
540523,桑日县,桑日,3,540500,540000,540500,西藏自治区/山南市/桑日县,sang ri,s,2756
540524,琼结县,琼结,3,540500,540000,540500,西藏自治区/山南市/琼结县,qiong jie,q,2757
540525,曲松县,曲松,3,540500,540000,540500,西藏自治区/山南市/曲松县,qu song,q,2758
540526,措美县,措美,3,540500,540000,540500,西藏自治区/山南市/措美县,cuo mei,c,2759
540527,洛扎县,洛扎,3,540500,540000,540500,西藏自治区/山南市/洛扎县,luo zha,l,2760
540528,加查县,加查,3,540500,540000,540500,西藏自治区/山南市/加查县,jia cha,j,2761
540529,隆子县,隆子,3,540500,540000,540500,西藏自治区/山南市/隆子县,long zi,l,2762
540531,浪卡子县,浪卡子,3,540500,540000,540500,西藏自治区/山南市/浪卡子县,lang ka zi,l,2763
540581,错那市,错那,3,540500,540000,540500,西藏自治区/山南市/错那市,cuo na,c,2764
540600,那曲市,那曲,2,540000,540000,540600,西藏自治区/那曲市,na qu,n,2765
540602,色尼区,色尼,3,540600,540000,540600,西藏自治区/那曲市/色尼区,se ni,s,2766
540621,嘉黎县,嘉黎,3,540600,540000,540600,西藏自治区/那曲市/嘉黎县,jia li,j,2767
540622,比如县,比如,3,540600,540000,540600,西藏自治区/那曲市/比如县,bi ru,b,2768
540623,聂荣县,聂荣,3,540600,540000,540600,西藏自治区/那曲市/聂荣县,nie rong,n,2769
540624,安多县,安多,3,540600,540000,540600,西藏自治区/那曲市/安多县,an duo,a,2770
540625,申扎县,申扎,3,540600,540000,540600,西藏自治区/那曲市/申扎县,shen zha,s,2771
540626,索县,索县,3,540600,540000,540600,西藏自治区/那曲市/索县,suo xian,s,2772
540627,班戈县,班戈,3,540600,540000,540600,西藏自治区/那曲市/班戈县,ban ge,b,2773
540628,巴青县,巴青,3,540600,540000,540600,西藏自治区/那曲市/巴青县,ba qing,b,2774
540629,尼玛县,尼玛,3,540600,540000,540600,西藏自治区/那曲市/尼玛县,ni ma,n,2775
540630,双湖县,双湖,3,540600,540000,540600,西藏自治区/那曲市/双湖县,shuang hu,s,2776
542500,阿里地区,阿里,2,540000,540000,542500,西藏自治区/阿里地区,a li,a,2777
542521,普兰县,普兰,3,542500,540000,542500,西藏自治区/阿里地区/普兰县,pu lan,p,2778
542522,札达县,札达,3,542500,540000,542500,西藏自治区/阿里地区/札达县,zha da,z,2779
542523,噶尔县,噶尔,3,542500,540000,542500,西藏自治区/阿里地区/噶尔县,ga er,g,2780
542524,日土县,日土,3,542500,540000,542500,西藏自治区/阿里地区/日土县,ri tu,r,2781
542525,革吉县,革吉,3,542500,540000,542500,西藏自治区/阿里地区/革吉县,ge ji,g,2782
542526,改则县,改则,3,542500,540000,542500,西藏自治区/阿里地区/改则县,gai ze,g,2783
542527,措勤县,措勤,3,542500,540000,542500,西藏自治区/阿里地区/措勤县,cuo qin,c,2784
610000,陕西省,陕西,1,,610000,,陕西省,shan xi,s,2785
610100,西安市,西安,2,610000,610000,610100,陕西省/西安市,xi an,x,2786
610102,新城区,新城,3,610100,610000,610100,陕西省/西安市/新城区,xin cheng,x,2787
610103,碑林区,碑林,3,610100,610000,610100,陕西省/西安市/碑林区,bei lin,b,2788
610104,莲湖区,莲湖,3,610100,610000,610100,陕西省/西安市/莲湖区,lian hu,l,2789
610111,灞桥区,灞桥,3,610100,610000,610100,陕西省/西安市/灞桥区,ba qiao,b,2790
610112,未央区,未央,3,610100,610000,610100,陕西省/西安市/未央区,wei yang,w,2791
610113,雁塔区,雁塔,3,610100,610000,610100,陕西省/西安市/雁塔区,yan ta,y,2792
610114,阎良区,阎良,3,610100,610000,610100,陕西省/西安市/阎良区,yan liang,y,2793
610115,临潼区,临潼,3,610100,610000,610100,陕西省/西安市/临潼区,lin tong,l,2794
610116,长安区,长安,3,610100,610000,610100,陕西省/西安市/长安区,chang an,c,2795
610117,高陵区,高陵,3,610100,610000,610100,陕西省/西安市/高陵区,gao ling,g,2796
610118,鄠邑区,鄠邑,3,610100,610000,610100,陕西省/西安市/鄠邑区,hu yi,h,2797
610122,蓝田县,蓝田,3,610100,610000,610100,陕西省/西安市/蓝田县,lan tian,l,2798
610124,周至县,周至,3,610100,610000,610100,陕西省/西安市/周至县,zhou zhi,z,2799
610200,铜川市,铜川,2,610000,610000,610200,陕西省/铜川市,tong chuan,t,2800
610202,王益区,王益,3,610200,610000,610200,陕西省/铜川市/王益区,wang yi,w,2801
610203,印台区,印台,3,610200,610000,610200,陕西省/铜川市/印台区,yin tai,y,2802
610204,耀州区,耀州,3,610200,610000,610200,陕西省/铜川市/耀州区,yao zhou,y,2803
610222,宜君县,宜君,3,610200,610000,610200,陕西省/铜川市/宜君县,yi jun,y,2804
610300,宝鸡市,宝鸡,2,610000,610000,610300,陕西省/宝鸡市,bao ji,b,2805
610302,渭滨区,渭滨,3,610300,610000,610300,陕西省/宝鸡市/渭滨区,wei bin,w,2806
610303,金台区,金台,3,610300,610000,610300,陕西省/宝鸡市/金台区,jin tai,j,2807
610304,陈仓区,陈仓,3,610300,610000,610300,陕西省/宝鸡市/陈仓区,chen cang,c,2808
610305,凤翔区,凤翔,3,610300,610000,610300,陕西省/宝鸡市/凤翔区,feng xiang,f,2809
610323,岐山县,岐山,3,610300,610000,610300,陕西省/宝鸡市/岐山县,qi shan,q,2810
610324,扶风县,扶风,3,610300,610000,610300,陕西省/宝鸡市/扶风县,fu feng,f,2811
610326,眉县,眉县,3,610300,610000,610300,陕西省/宝鸡市/眉县,mei xian,m,2812
610327,陇县,陇县,3,610300,610000,610300,陕西省/宝鸡市/陇县,long xian,l,2813
610328,千阳县,千阳,3,610300,610000,610300,陕西省/宝鸡市/千阳县,qian yang,q,2814
610329,麟游县,麟游,3,610300,610000,610300,陕西省/宝鸡市/麟游县,lin you,l,2815
610330,凤县,凤县,3,610300,610000,610300,陕西省/宝鸡市/凤县,feng xian,f,2816
610331,太白县,太白,3,610300,610000,610300,陕西省/宝鸡市/太白县,tai bai,t,2817
610400,咸阳市,咸阳,2,610000,610000,610400,陕西省/咸阳市,xian yang,x,2818
610402,秦都区,秦都,3,610400,610000,610400,陕西省/咸阳市/秦都区,qin du,q,2819
610403,杨陵区,杨陵,3,610400,610000,610400,陕西省/咸阳市/杨陵区,yang ling,y,2820
610404,渭城区,渭城,3,610400,610000,610400,陕西省/咸阳市/渭城区,wei cheng,w,2821
610422,三原县,三原,3,610400,610000,610400,陕西省/咸阳市/三原县,san yuan,s,2822
610423,泾阳县,泾阳,3,610400,610000,610400,陕西省/咸阳市/泾阳县,jing yang,j,2823
610424,乾县,乾县,3,610400,610000,610400,陕西省/咸阳市/乾县,qian xian,q,2824
610425,礼泉县,礼泉,3,610400,610000,610400,陕西省/咸阳市/礼泉县,li quan,l,2825
610426,永寿县,永寿,3,610400,610000,610400,陕西省/咸阳市/永寿县,yong shou,y,2826
610428,长武县,长武,3,610400,610000,610400,陕西省/咸阳市/长武县,chang wu,c,2827
610429,旬邑县,旬邑,3,610400,610000,610400,陕西省/咸阳市/旬邑县,xun yi,x,2828
610430,淳化县,淳化,3,610400,610000,610400,陕西省/咸阳市/淳化县,chun hua,c,2829
610431,武功县,武功,3,610400,610000,610400,陕西省/咸阳市/武功县,wu gong,w,2830
610481,兴平市,兴平,3,610400,610000,610400,陕西省/咸阳市/兴平市,xing ping,x,2831
610482,彬州市,彬州,3,610400,610000,610400,陕西省/咸阳市/彬州市,bin zhou,b,2832
610500,渭南市,渭南,2,610000,610000,610500,陕西省/渭南市,wei nan,w,2833
610502,临渭区,临渭,3,610500,610000,610500,陕西省/渭南市/临渭区,lin wei,l,2834
610503,华州区,华州,3,610500,610000,610500,陕西省/渭南市/华州区,hua zhou,h,2835
610522,潼关县,潼关,3,610500,610000,610500,陕西省/渭南市/潼关县,tong guan,t,2836
610523,大荔县,大荔,3,610500,610000,610500,陕西省/渭南市/大荔县,da li,d,2837
610524,合阳县,合阳,3,610500,610000,610500,陕西省/渭南市/合阳县,he yang,h,2838
610525,澄城县,澄城,3,610500,610000,610500,陕西省/渭南市/澄城县,cheng cheng,c,2839
610526,蒲城县,蒲城,3,610500,610000,610500,陕西省/渭南市/蒲城县,pu cheng,p,2840
610527,白水县,白水,3,610500,610000,610500,陕西省/渭南市/白水县,bai shui,b,2841
610528,富平县,富平,3,610500,610000,610500,陕西省/渭南市/富平县,fu ping,f,2842
610581,韩城市,韩城,3,610500,610000,610500,陕西省/渭南市/韩城市,han cheng,h,2843
610582,华阴市,华阴,3,610500,610000,610500,陕西省/渭南市/华阴市,hua yin,h,2844
610600,延安市,延安,2,610000,610000,610600,陕西省/延安市,yan an,y,2845
610602,宝塔区,宝塔,3,610600,610000,610600,陕西省/延安市/宝塔区,bao ta,b,2846
610603,安塞区,安塞,3,610600,610000,610600,陕西省/延安市/安塞区,an sai,a,2847
610621,延长县,延长,3,610600,610000,610600,陕西省/延安市/延长县,yan chang,y,2848
610622,延川县,延川,3,610600,610000,610600,陕西省/延安市/延川县,yan chuan,y,2849
610625,志丹县,志丹,3,610600,610000,610600,陕西省/延安市/志丹县,zhi dan,z,2850
610626,吴起县,吴起,3,610600,610000,610600,陕西省/延安市/吴起县,wu qi,w,2851
610627,甘泉县,甘泉,3,610600,610000,610600,陕西省/延安市/甘泉县,gan quan,g,2852
610628,富县,富县,3,610600,610000,610600,陕西省/延安市/富县,fu xian,f,2853
610629,洛川县,洛川,3,610600,610000,610600,陕西省/延安市/洛川县,luo chuan,l,2854
610630,宜川县,宜川,3,610600,610000,610600,陕西省/延安市/宜川县,yi chuan,y,2855
610631,黄龙县,黄龙,3,610600,610000,610600,陕西省/延安市/黄龙县,huang long,h,2856
610632,黄陵县,黄陵,3,610600,610000,610600,陕西省/延安市/黄陵县,huang ling,h,2857
610681,子长市,子长,3,610600,610000,610600,陕西省/延安市/子长市,zi chang,z,2858
610700,汉中市,汉中,2,610000,610000,610700,陕西省/汉中市,han zhong,h,2859
610702,汉台区,汉台,3,610700,610000,610700,陕西省/汉中市/汉台区,han tai,h,2860
610703,南郑区,南郑,3,610700,610000,610700,陕西省/汉中市/南郑区,nan zheng,n,2861
610722,城固县,城固,3,610700,610000,610700,陕西省/汉中市/城固县,cheng gu,c,2862
610723,洋县,洋县,3,610700,610000,610700,陕西省/汉中市/洋县,yang xian,y,2863
610724,西乡县,西乡,3,610700,610000,610700,陕西省/汉中市/西乡县,xi xiang,x,2864
610725,勉县,勉县,3,610700,610000,610700,陕西省/汉中市/勉县,mian xian,m,2865
610726,宁强县,宁强,3,610700,610000,610700,陕西省/汉中市/宁强县,ning qiang,n,2866
610727,略阳县,略阳,3,610700,610000,610700,陕西省/汉中市/略阳县,lue yang,l,2867
610728,镇巴县,镇巴,3,610700,610000,610700,陕西省/汉中市/镇巴县,zhen ba,z,2868
610729,留坝县,留坝,3,610700,610000,610700,陕西省/汉中市/留坝县,liu ba,l,2869
610730,佛坪县,佛坪,3,610700,610000,610700,陕西省/汉中市/佛坪县,fo ping,f,2870
610800,榆林市,榆林,2,610000,610000,610800,陕西省/榆林市,yu lin,y,2871
610802,榆阳区,榆阳,3,610800,610000,610800,陕西省/榆林市/榆阳区,yu yang,y,2872
610803,横山区,横山,3,610800,610000,610800,陕西省/榆林市/横山区,heng shan,h,2873
610822,府谷县,府谷,3,610800,610000,610800,陕西省/榆林市/府谷县,fu gu,f,2874
610824,靖边县,靖边,3,610800,610000,610800,陕西省/榆林市/靖边县,jing bian,j,2875
610825,定边县,定边,3,610800,610000,610800,陕西省/榆林市/定边县,ding bian,d,2876
610826,绥德县,绥德,3,610800,610000,610800,陕西省/榆林市/绥德县,sui de,s,2877
610827,米脂县,米脂,3,610800,610000,610800,陕西省/榆林市/米脂县,mi zhi,m,2878
610828,佳县,佳县,3,610800,610000,610800,陕西省/榆林市/佳县,jia xian,j,2879
610829,吴堡县,吴堡,3,610800,610000,610800,陕西省/榆林市/吴堡县,wu bu,w,2880
610830,清涧县,清涧,3,610800,610000,610800,陕西省/榆林市/清涧县,qing jian,q,2881
610831,子洲县,子洲,3,610800,610000,610800,陕西省/榆林市/子洲县,zi zhou,z,2882
610881,神木市,神木,3,610800,610000,610800,陕西省/榆林市/神木市,shen mu,s,2883
610900,安康市,安康,2,610000,610000,610900,陕西省/安康市,an kang,a,2884
610902,汉滨区,汉滨,3,610900,610000,610900,陕西省/安康市/汉滨区,han bin,h,2885
610921,汉阴县,汉阴,3,610900,610000,610900,陕西省/安康市/汉阴县,han yin,h,2886
610922,石泉县,石泉,3,610900,610000,610900,陕西省/安康市/石泉县,shi quan,s,2887
610923,宁陕县,宁陕,3,610900,610000,610900,陕西省/安康市/宁陕县,ning shan,n,2888
610924,紫阳县,紫阳,3,610900,610000,610900,陕西省/安康市/紫阳县,zi yang,z,2889
610925,岚皋县,岚皋,3,610900,610000,610900,陕西省/安康市/岚皋县,lan gao,l,2890
610926,平利县,平利,3,610900,610000,610900,陕西省/安康市/平利县,ping li,p,2891
610927,镇坪县,镇坪,3,610900,610000,610900,陕西省/安康市/镇坪县,zhen ping,z,2892
610929,白河县,白河,3,610900,610000,610900,陕西省/安康市/白河县,bai he,b,2893
610981,旬阳市,旬阳,3,610900,610000,610900,陕西省/安康市/旬阳市,xun yang,x,2894
611000,商洛市,商洛,2,610000,610000,611000,陕西省/商洛市,shang luo,s,2895
611002,商州区,商州,3,611000,610000,611000,陕西省/商洛市/商州区,shang zhou,s,2896
611021,洛南县,洛南,3,611000,610000,611000,陕西省/商洛市/洛南县,luo nan,l,2897
611022,丹凤县,丹凤,3,611000,610000,611000,陕西省/商洛市/丹凤县,dan feng,d,2898
611023,商南县,商南,3,611000,610000,611000,陕西省/商洛市/商南县,shang nan,s,2899
611024,山阳县,山阳,3,611000,610000,611000,陕西省/商洛市/山阳县,shan yang,s,2900
611025,镇安县,镇安,3,611000,610000,611000,陕西省/商洛市/镇安县,zhen an,z,2901
611026,柞水县,柞水,3,611000,610000,611000,陕西省/商洛市/柞水县,zha shui,z,2902
620000,甘肃省,甘肃,1,,620000,,甘肃省,gan su,g,2903
620100,兰州市,兰州,2,620000,620000,620100,甘肃省/兰州市,lan zhou,l,2904
620102,城关区,城关,3,620100,620000,620100,甘肃省/兰州市/城关区,cheng guan,c,2905
620103,七里河区,七里河,3,620100,620000,620100,甘肃省/兰州市/七里河区,qi li he,q,2906
620104,西固区,西固,3,620100,620000,620100,甘肃省/兰州市/西固区,xi gu,x,2907
620105,安宁区,安宁,3,620100,620000,620100,甘肃省/兰州市/安宁区,an ning,a,2908
620111,红古区,红古,3,620100,620000,620100,甘肃省/兰州市/红古区,hong gu,h,2909
620121,永登县,永登,3,620100,620000,620100,甘肃省/兰州市/永登县,yong deng,y,2910
620122,皋兰县,皋兰,3,620100,620000,620100,甘肃省/兰州市/皋兰县,gao lan,g,2911
620123,榆中县,榆中,3,620100,620000,620100,甘肃省/兰州市/榆中县,yu zhong,y,2912
620200,嘉峪关市,嘉峪关,2,620000,620000,620200,甘肃省/嘉峪关市,jia yu guan,j,2913
620300,金昌市,金昌,2,620000,620000,620300,甘肃省/金昌市,jin chang,j,2914
620302,金川区,金川,3,620300,620000,620300,甘肃省/金昌市/金川区,jin chuan,j,2915
620321,永昌县,永昌,3,620300,620000,620300,甘肃省/金昌市/永昌县,yong chang,y,2916
620400,白银市,白银,2,620000,620000,620400,甘肃省/白银市,bai yin,b,2917
620402,白银区,白银区,3,620400,620000,620400,甘肃省/白银市/白银区,bai yin qu,b,2918
620403,平川区,平川,3,620400,620000,620400,甘肃省/白银市/平川区,ping chuan,p,2919
620421,靖远县,靖远,3,620400,620000,620400,甘肃省/白银市/靖远县,jing yuan,j,2920
620422,会宁县,会宁,3,620400,620000,620400,甘肃省/白银市/会宁县,hui ning,h,2921
620423,景泰县,景泰,3,620400,620000,620400,甘肃省/白银市/景泰县,jing tai,j,2922
620500,天水市,天水,2,620000,620000,620500,甘肃省/天水市,tian shui,t,2923
620502,秦州区,秦州,3,620500,620000,620500,甘肃省/天水市/秦州区,qin zhou,q,2924
620503,麦积区,麦积,3,620500,620000,620500,甘肃省/天水市/麦积区,mai ji,m,2925
620521,清水县,清水,3,620500,620000,620500,甘肃省/天水市/清水县,qing shui,q,2926
620522,秦安县,秦安,3,620500,620000,620500,甘肃省/天水市/秦安县,qin an,q,2927
620523,甘谷县,甘谷,3,620500,620000,620500,甘肃省/天水市/甘谷县,gan gu,g,2928
620524,武山县,武山,3,620500,620000,620500,甘肃省/天水市/武山县,wu shan,w,2929
620525,张家川回族自治县,张家川,3,620500,620000,620500,甘肃省/天水市/张家川回族自治县,zhang jia chuan,z,2930
620600,武威市,武威,2,620000,620000,620600,甘肃省/武威市,wu wei,w,2931
620602,凉州区,凉州,3,620600,620000,620600,甘肃省/武威市/凉州区,liang zhou,l,2932
620621,民勤县,民勤,3,620600,620000,620600,甘肃省/武威市/民勤县,min qin,m,2933
620622,古浪县,古浪,3,620600,620000,620600,甘肃省/武威市/古浪县,gu lang,g,2934
620623,天祝藏族自治县,天祝,3,620600,620000,620600,甘肃省/武威市/天祝藏族自治县,tian zhu,t,2935
620700,张掖市,张掖,2,620000,620000,620700,甘肃省/张掖市,zhang ye,z,2936
620702,甘州区,甘州,3,620700,620000,620700,甘肃省/张掖市/甘州区,gan zhou,g,2937
620721,肃南裕固族自治县,肃南,3,620700,620000,620700,甘肃省/张掖市/肃南裕固族自治县,su nan,s,2938
620722,民乐县,民乐,3,620700,620000,620700,甘肃省/张掖市/民乐县,min le,m,2939
620723,临泽县,临泽,3,620700,620000,620700,甘肃省/张掖市/临泽县,lin ze,l,2940
620724,高台县,高台,3,620700,620000,620700,甘肃省/张掖市/高台县,gao tai,g,2941
620725,山丹县,山丹,3,620700,620000,620700,甘肃省/张掖市/山丹县,shan dan,s,2942
620800,平凉市,平凉,2,620000,620000,620800,甘肃省/平凉市,ping liang,p,2943
620802,崆峒区,崆峒,3,620800,620000,620800,甘肃省/平凉市/崆峒区,kong tong,k,2944
620821,泾川县,泾川,3,620800,620000,620800,甘肃省/平凉市/泾川县,jing chuan,j,2945
620822,灵台县,灵台,3,620800,620000,620800,甘肃省/平凉市/灵台县,ling tai,l,2946
620823,崇信县,崇信,3,620800,620000,620800,甘肃省/平凉市/崇信县,chong xin,c,2947
620825,庄浪县,庄浪,3,620800,620000,620800,甘肃省/平凉市/庄浪县,zhuang lang,z,2948
620826,静宁县,静宁,3,620800,620000,620800,甘肃省/平凉市/静宁县,jing ning,j,2949
620881,华亭市,华亭,3,620800,620000,620800,甘肃省/平凉市/华亭市,hua ting,h,2950
620900,酒泉市,酒泉,2,620000,620000,620900,甘肃省/酒泉市,jiu quan,j,2951
620902,肃州区,肃州,3,620900,620000,620900,甘肃省/酒泉市/肃州区,su zhou,s,2952
620921,金塔县,金塔,3,620900,620000,620900,甘肃省/酒泉市/金塔县,jin ta,j,2953
620922,瓜州县,瓜州,3,620900,620000,620900,甘肃省/酒泉市/瓜州县,gua zhou,g,2954
620923,肃北蒙古族自治县,肃北,3,620900,620000,620900,甘肃省/酒泉市/肃北蒙古族自治县,su bei,s,2955
620924,阿克塞哈萨克族自治县,阿克塞,3,620900,620000,620900,甘肃省/酒泉市/阿克塞哈萨克族自治县,a ke sai,a,2956
620981,玉门市,玉门,3,620900,620000,620900,甘肃省/酒泉市/玉门市,yu men,y,2957
620982,敦煌市,敦煌,3,620900,620000,620900,甘肃省/酒泉市/敦煌市,dun huang,d,2958
621000,庆阳市,庆阳,2,620000,620000,621000,甘肃省/庆阳市,qing yang,q,2959
621002,西峰区,西峰,3,621000,620000,621000,甘肃省/庆阳市/西峰区,xi feng,x,2960
621021,庆城县,庆城,3,621000,620000,621000,甘肃省/庆阳市/庆城县,qing cheng,q,2961
621022,环县,环县,3,621000,620000,621000,甘肃省/庆阳市/环县,huan xian,h,2962
621023,华池县,华池,3,621000,620000,621000,甘肃省/庆阳市/华池县,hua chi,h,2963
621024,合水县,合水,3,621000,620000,621000,甘肃省/庆阳市/合水县,he shui,h,2964
621025,正宁县,正宁,3,621000,620000,621000,甘肃省/庆阳市/正宁县,zheng ning,z,2965
621026,宁县,宁县,3,621000,620000,621000,甘肃省/庆阳市/宁县,ning xian,n,2966
621027,镇原县,镇原,3,621000,620000,621000,甘肃省/庆阳市/镇原县,zhen yuan,z,2967
621100,定西市,定西,2,620000,620000,621100,甘肃省/定西市,ding xi,d,2968
621102,安定区,安定,3,621100,620000,621100,甘肃省/定西市/安定区,an ding,a,2969
621121,通渭县,通渭,3,621100,620000,621100,甘肃省/定西市/通渭县,tong wei,t,2970
621122,陇西县,陇西,3,621100,620000,621100,甘肃省/定西市/陇西县,long xi,l,2971
621123,渭源县,渭源,3,621100,620000,621100,甘肃省/定西市/渭源县,wei yuan,w,2972
621124,临洮县,临洮,3,621100,620000,621100,甘肃省/定西市/临洮县,lin tao,l,2973
621125,漳县,漳县,3,621100,620000,621100,甘肃省/定西市/漳县,zhang xian,z,2974
621126,岷县,岷县,3,621100,620000,621100,甘肃省/定西市/岷县,min xian,m,2975
621200,陇南市,陇南,2,620000,620000,621200,甘肃省/陇南市,long nan,l,2976
621202,武都区,武都,3,621200,620000,621200,甘肃省/陇南市/武都区,wu du,w,2977
621221,成县,成县,3,621200,620000,621200,甘肃省/陇南市/成县,cheng xian,c,2978
621222,文县,文县,3,621200,620000,621200,甘肃省/陇南市/文县,wen xian,w,2979
621223,宕昌县,宕昌,3,621200,620000,621200,甘肃省/陇南市/宕昌县,tan chang,t,2980
621224,康县,康县,3,621200,620000,621200,甘肃省/陇南市/康县,kang xian,k,2981
621225,西和县,西和,3,621200,620000,621200,甘肃省/陇南市/西和县,xi he,x,2982
621226,礼县,礼县,3,621200,620000,621200,甘肃省/陇南市/礼县,li xian,l,2983
621227,徽县,徽县,3,621200,620000,621200,甘肃省/陇南市/徽县,hui xian,h,2984
621228,两当县,两当,3,621200,620000,621200,甘肃省/陇南市/两当县,liang dang,l,2985
622900,临夏回族自治州,临夏,2,620000,620000,622900,甘肃省/临夏回族自治州,lin xia,l,2986
622901,临夏市,临夏市,3,622900,620000,622900,甘肃省/临夏回族自治州/临夏市,lin xia shi,l,2987
622921,临夏县,临夏县,3,622900,620000,622900,甘肃省/临夏回族自治州/临夏县,lin xia xian,l,2988
622922,康乐县,康乐,3,622900,620000,622900,甘肃省/临夏回族自治州/康乐县,kang le,k,2989
622923,永靖县,永靖,3,622900,620000,622900,甘肃省/临夏回族自治州/永靖县,yong jing,y,2990
622924,广河县,广河,3,622900,620000,622900,甘肃省/临夏回族自治州/广河县,guang he,g,2991
622925,和政县,和政,3,622900,620000,622900,甘肃省/临夏回族自治州/和政县,he zheng,h,2992
622926,东乡族自治县,东乡族自治县,3,622900,620000,622900,甘肃省/临夏回族自治州/东乡族自治县,dong xiang zu zi zhi xian,d,2993
622927,积石山保安族东乡族撒拉族自治县,积石山,3,622900,620000,622900,甘肃省/临夏回族自治州/积石山保安族东乡族撒拉族自治县,ji shi shan,j,2994
623000,甘南藏族自治州,甘南,2,620000,620000,623000,甘肃省/甘南藏族自治州,gan nan,g,2995
623001,合作市,合作,3,623000,620000,623000,甘肃省/甘南藏族自治州/合作市,he zuo,h,2996
623021,临潭县,临潭,3,623000,620000,623000,甘肃省/甘南藏族自治州/临潭县,lin tan,l,2997
623022,卓尼县,卓尼,3,623000,620000,623000,甘肃省/甘南藏族自治州/卓尼县,zhuo ni,z,2998
623023,舟曲县,舟曲,3,623000,620000,623000,甘肃省/甘南藏族自治州/舟曲县,zhou qu,z,2999
623024,迭部县,迭部,3,623000,620000,623000,甘肃省/甘南藏族自治州/迭部县,die bu,d,3000
623025,玛曲县,玛曲,3,623000,620000,623000,甘肃省/甘南藏族自治州/玛曲县,ma qu,m,3001
623026,碌曲县,碌曲,3,623000,620000,623000,甘肃省/甘南藏族自治州/碌曲县,lu qu,l,3002
623027,夏河县,夏河,3,623000,620000,623000,甘肃省/甘南藏族自治州/夏河县,xia he,x,3003
630000,青海省,青海,1,,630000,,青海省,qing hai,q,3004
630100,西宁市,西宁,2,630000,630000,630100,青海省/西宁市,xi ning,x,3005
630102,城东区,城东,3,630100,630000,630100,青海省/西宁市/城东区,cheng dong,c,3006
630103,城中区,城中,3,630100,630000,630100,青海省/西宁市/城中区,cheng zhong,c,3007
630104,城西区,城西,3,630100,630000,630100,青海省/西宁市/城西区,cheng xi,c,3008
630105,城北区,城北,3,630100,630000,630100,青海省/西宁市/城北区,cheng bei,c,3009
630106,湟中区,湟中,3,630100,630000,630100,青海省/西宁市/湟中区,huang zhong,h,3010
630121,大通回族土族自治县,大通,3,630100,630000,630100,青海省/西宁市/大通回族土族自治县,da tong,d,3011
630123,湟源县,湟源,3,630100,630000,630100,青海省/西宁市/湟源县,huang yuan,h,3012
630200,海东市,海东,2,630000,630000,630200,青海省/海东市,hai dong,h,3013
630202,乐都区,乐都,3,630200,630000,630200,青海省/海东市/乐都区,le du,l,3014
630203,平安区,平安,3,630200,630000,630200,青海省/海东市/平安区,ping an,p,3015
630222,民和回族土族自治县,民和,3,630200,630000,630200,青海省/海东市/民和回族土族自治县,min he,m,3016
630223,互助土族自治县,互助,3,630200,630000,630200,青海省/海东市/互助土族自治县,hu zhu,h,3017
630224,化隆回族自治县,化隆,3,630200,630000,630200,青海省/海东市/化隆回族自治县,hua long,h,3018
630225,循化撒拉族自治县,循化,3,630200,630000,630200,青海省/海东市/循化撒拉族自治县,xun hua,x,3019
632200,海北藏族自治州,海北,2,630000,630000,632200,青海省/海北藏族自治州,hai bei,h,3020
632221,门源回族自治县,门源,3,632200,630000,632200,青海省/海北藏族自治州/门源回族自治县,men yuan,m,3021
632222,祁连县,祁连,3,632200,630000,632200,青海省/海北藏族自治州/祁连县,qi lian,q,3022
632223,海晏县,海晏,3,632200,630000,632200,青海省/海北藏族自治州/海晏县,hai yan,h,3023
632224,刚察县,刚察,3,632200,630000,632200,青海省/海北藏族自治州/刚察县,gang cha,g,3024
632300,黄南藏族自治州,黄南,2,630000,630000,632300,青海省/黄南藏族自治州,huang nan,h,3025
632301,同仁市,同仁,3,632300,630000,632300,青海省/黄南藏族自治州/同仁市,tong ren,t,3026
632322,尖扎县,尖扎,3,632300,630000,632300,青海省/黄南藏族自治州/尖扎县,jian zha,j,3027
632323,泽库县,泽库,3,632300,630000,632300,青海省/黄南藏族自治州/泽库县,ze ku,z,3028
632324,河南蒙古族自治县,河南,3,632300,630000,632300,青海省/黄南藏族自治州/河南蒙古族自治县,he nan,h,3029
632500,海南藏族自治州,海南,2,630000,630000,632500,青海省/海南藏族自治州,hai nan,h,3030
632521,共和县,共和,3,632500,630000,632500,青海省/海南藏族自治州/共和县,gong he,g,3031
632522,同德县,同德,3,632500,630000,632500,青海省/海南藏族自治州/同德县,tong de,t,3032
632523,贵德县,贵德,3,632500,630000,632500,青海省/海南藏族自治州/贵德县,gui de,g,3033
632524,兴海县,兴海,3,632500,630000,632500,青海省/海南藏族自治州/兴海县,xing hai,x,3034
632525,贵南县,贵南,3,632500,630000,632500,青海省/海南藏族自治州/贵南县,gui nan,g,3035
632600,果洛藏族自治州,果洛,2,630000,630000,632600,青海省/果洛藏族自治州,guo luo,g,3036
632621,玛沁县,玛沁,3,632600,630000,632600,青海省/果洛藏族自治州/玛沁县,ma qin,m,3037
632622,班玛县,班玛,3,632600,630000,632600,青海省/果洛藏族自治州/班玛县,ban ma,b,3038
632623,甘德县,甘德,3,632600,630000,632600,青海省/果洛藏族自治州/甘德县,gan de,g,3039
632624,达日县,达日,3,632600,630000,632600,青海省/果洛藏族自治州/达日县,da ri,d,3040
632625,久治县,久治,3,632600,630000,632600,青海省/果洛藏族自治州/久治县,jiu zhi,j,3041
632626,玛多县,玛多,3,632600,630000,632600,青海省/果洛藏族自治州/玛多县,ma duo,m,3042
632700,玉树藏族自治州,玉树,2,630000,630000,632700,青海省/玉树藏族自治州,yu shu,y,3043
632701,玉树市,玉树市,3,632700,630000,632700,青海省/玉树藏族自治州/玉树市,yu shu shi,y,3044
632722,杂多县,杂多,3,632700,630000,632700,青海省/玉树藏族自治州/杂多县,za duo,z,3045
632723,称多县,称多,3,632700,630000,632700,青海省/玉树藏族自治州/称多县,cheng duo,c,3046
632724,治多县,治多,3,632700,630000,632700,青海省/玉树藏族自治州/治多县,zhi duo,z,3047
632725,囊谦县,囊谦,3,632700,630000,632700,青海省/玉树藏族自治州/囊谦县,nang qian,n,3048
632726,曲麻莱县,曲麻莱,3,632700,630000,632700,青海省/玉树藏族自治州/曲麻莱县,qu ma lai,q,3049
632800,海西蒙古族藏族自治州,海西,2,630000,630000,632800,青海省/海西蒙古族藏族自治州,hai xi,h,3050
632801,格尔木市,格尔木,3,632800,630000,632800,青海省/海西蒙古族藏族自治州/格尔木市,ge er mu,g,3051
632802,德令哈市,德令哈,3,632800,630000,632800,青海省/海西蒙古族藏族自治州/德令哈市,de ling ha,d,3052
632803,茫崖市,茫崖,3,632800,630000,632800,青海省/海西蒙古族藏族自治州/茫崖市,mang ya,m,3053
632821,乌兰县,乌兰,3,632800,630000,632800,青海省/海西蒙古族藏族自治州/乌兰县,wu lan,w,3054
632822,都兰县,都兰,3,632800,630000,632800,青海省/海西蒙古族藏族自治州/都兰县,du lan,d,3055
632823,天峻县,天峻,3,632800,630000,632800,青海省/海西蒙古族藏族自治州/天峻县,tian jun,t,3056
640000,宁夏回族自治区,宁夏,1,,640000,,宁夏回族自治区,ning xia,n,3057
640100,银川市,银川,2,640000,640000,640100,宁夏回族自治区/银川市,yin chuan,y,3058
640104,兴庆区,兴庆,3,640100,640000,640100,宁夏回族自治区/银川市/兴庆区,xing qing,x,3059
640105,西夏区,西夏,3,640100,640000,640100,宁夏回族自治区/银川市/西夏区,xi xia,x,3060
640106,金凤区,金凤,3,640100,640000,640100,宁夏回族自治区/银川市/金凤区,jin feng,j,3061
640121,永宁县,永宁,3,640100,640000,640100,宁夏回族自治区/银川市/永宁县,yong ning,y,3062
640122,贺兰县,贺兰,3,640100,640000,640100,宁夏回族自治区/银川市/贺兰县,he lan,h,3063
640181,灵武市,灵武,3,640100,640000,640100,宁夏回族自治区/银川市/灵武市,ling wu,l,3064
640200,石嘴山市,石嘴山,2,640000,640000,640200,宁夏回族自治区/石嘴山市,shi zui shan,s,3065
640202,大武口区,大武口,3,640200,640000,640200,宁夏回族自治区/石嘴山市/大武口区,da wu kou,d,3066
640205,惠农区,惠农,3,640200,640000,640200,宁夏回族自治区/石嘴山市/惠农区,hui nong,h,3067
640221,平罗县,平罗,3,640200,640000,640200,宁夏回族自治区/石嘴山市/平罗县,ping luo,p,3068
640300,吴忠市,吴忠,2,640000,640000,640300,宁夏回族自治区/吴忠市,wu zhong,w,3069
640302,利通区,利通,3,640300,640000,640300,宁夏回族自治区/吴忠市/利通区,li tong,l,3070
640303,红寺堡区,红寺堡,3,640300,640000,640300,宁夏回族自治区/吴忠市/红寺堡区,hong si bu,h,3071
640323,盐池县,盐池,3,640300,640000,640300,宁夏回族自治区/吴忠市/盐池县,yan chi,y,3072
640324,同心县,同心,3,640300,640000,640300,宁夏回族自治区/吴忠市/同心县,tong xin,t,3073
640381,青铜峡市,青铜峡,3,640300,640000,640300,宁夏回族自治区/吴忠市/青铜峡市,qing tong xia,q,3074
640400,固原市,固原,2,640000,640000,640400,宁夏回族自治区/固原市,gu yuan,g,3075
640402,原州区,原州,3,640400,640000,640400,宁夏回族自治区/固原市/原州区,yuan zhou,y,3076
640422,西吉县,西吉,3,640400,640000,640400,宁夏回族自治区/固原市/西吉县,xi ji,x,3077
640423,隆德县,隆德,3,640400,640000,640400,宁夏回族自治区/固原市/隆德县,long de,l,3078
640424,泾源县,泾源,3,640400,640000,640400,宁夏回族自治区/固原市/泾源县,jing yuan,j,3079
640425,彭阳县,彭阳,3,640400,640000,640400,宁夏回族自治区/固原市/彭阳县,peng yang,p,3080
640500,中卫市,中卫,2,640000,640000,640500,宁夏回族自治区/中卫市,zhong wei,z,3081
640502,沙坡头区,沙坡头,3,640500,640000,640500,宁夏回族自治区/中卫市/沙坡头区,sha po tou,s,3082
640521,中宁县,中宁,3,640500,640000,640500,宁夏回族自治区/中卫市/中宁县,zhong ning,z,3083
640522,海原县,海原,3,640500,640000,640500,宁夏回族自治区/中卫市/海原县,hai yuan,h,3084
650000,新疆维吾尔自治区,新疆,1,,650000,,新疆维吾尔自治区,xin jiang,x,3085
650100,乌鲁木齐市,乌鲁木齐,2,650000,650000,650100,新疆维吾尔自治区/乌鲁木齐市,wu lu mu qi,w,3086
650102,天山区,天山,3,650100,650000,650100,新疆维吾尔自治区/乌鲁木齐市/天山区,tian shan,t,3087
650103,沙依巴克区,沙依巴克区,3,650100,650000,650100,新疆维吾尔自治区/乌鲁木齐市/沙依巴克区,sha yi ba ke qu,s,3088
650104,新市区,新市,3,650100,650000,650100,新疆维吾尔自治区/乌鲁木齐市/新市区,xin shi,x,3089
650105,水磨沟区,水磨沟,3,650100,650000,650100,新疆维吾尔自治区/乌鲁木齐市/水磨沟区,shui mo gou,s,3090
650106,头屯河区,头屯河,3,650100,650000,650100,新疆维吾尔自治区/乌鲁木齐市/头屯河区,tou tun he,t,3091
650107,达坂城区,达坂城,3,650100,650000,650100,新疆维吾尔自治区/乌鲁木齐市/达坂城区,da ban cheng,d,3092
650109,米东区,米东,3,650100,650000,650100,新疆维吾尔自治区/乌鲁木齐市/米东区,mi dong,m,3093
650121,乌鲁木齐县,乌鲁木齐县,3,650100,650000,650100,新疆维吾尔自治区/乌鲁木齐市/乌鲁木齐县,wu lu mu qi xian,w,3094
650200,克拉玛依市,克拉玛依,2,650000,650000,650200,新疆维吾尔自治区/克拉玛依市,ke la ma yi,k,3095
650202,独山子区,独山子,3,650200,650000,650200,新疆维吾尔自治区/克拉玛依市/独山子区,du shan zi,d,3096
650203,克拉玛依区,克拉玛依区,3,650200,650000,650200,新疆维吾尔自治区/克拉玛依市/克拉玛依区,ke la ma yi qu,k,3097
650204,白碱滩区,白碱滩,3,650200,650000,650200,新疆维吾尔自治区/克拉玛依市/白碱滩区,bai jian tan,b,3098
650205,乌尔禾区,乌尔禾,3,650200,650000,650200,新疆维吾尔自治区/克拉玛依市/乌尔禾区,wu er he,w,3099
650400,吐鲁番市,吐鲁番,2,650000,650000,650400,新疆维吾尔自治区/吐鲁番市,tu lu fan,t,3100
650402,高昌区,高昌,3,650400,650000,650400,新疆维吾尔自治区/吐鲁番市/高昌区,gao chang,g,3101
650421,鄯善县,鄯善,3,650400,650000,650400,新疆维吾尔自治区/吐鲁番市/鄯善县,shan shan,s,3102
650422,托克逊县,托克逊,3,650400,650000,650400,新疆维吾尔自治区/吐鲁番市/托克逊县,tuo ke xun,t,3103
650500,哈密市,哈密,2,650000,650000,650500,新疆维吾尔自治区/哈密市,ha mi,h,3104
650502,伊州区,伊州,3,650500,650000,650500,新疆维吾尔自治区/哈密市/伊州区,yi zhou,y,3105
650521,巴里坤哈萨克自治县,巴里坤,3,650500,650000,650500,新疆维吾尔自治区/哈密市/巴里坤哈萨克自治县,ba li kun,b,3106
650522,伊吾县,伊吾,3,650500,650000,650500,新疆维吾尔自治区/哈密市/伊吾县,yi wu,y,3107
652300,昌吉回族自治州,昌吉,2,650000,650000,652300,新疆维吾尔自治区/昌吉回族自治州,chang ji,c,3108
652301,昌吉市,昌吉市,3,652300,650000,652300,新疆维吾尔自治区/昌吉回族自治州/昌吉市,chang ji shi,c,3109
652302,阜康市,阜康,3,652300,650000,652300,新疆维吾尔自治区/昌吉回族自治州/阜康市,fu kang,f,3110
652323,呼图壁县,呼图壁,3,652300,650000,652300,新疆维吾尔自治区/昌吉回族自治州/呼图壁县,hu tu bi,h,3111
652324,玛纳斯县,玛纳斯,3,652300,650000,652300,新疆维吾尔自治区/昌吉回族自治州/玛纳斯县,ma na si,m,3112
652325,奇台县,奇台,3,652300,650000,652300,新疆维吾尔自治区/昌吉回族自治州/奇台县,qi tai,q,3113
652327,吉木萨尔县,吉木萨尔,3,652300,650000,652300,新疆维吾尔自治区/昌吉回族自治州/吉木萨尔县,ji mu sa er,j,3114
652328,木垒哈萨克自治县,木垒,3,652300,650000,652300,新疆维吾尔自治区/昌吉回族自治州/木垒哈萨克自治县,mu lei,m,3115
652700,博尔塔拉蒙古自治州,博尔塔拉,2,650000,650000,652700,新疆维吾尔自治区/博尔塔拉蒙古自治州,bo er ta la,b,3116
652701,博乐市,博乐,3,652700,650000,652700,新疆维吾尔自治区/博尔塔拉蒙古自治州/博乐市,bo le,b,3117
652702,阿拉山口市,阿拉山口,3,652700,650000,652700,新疆维吾尔自治区/博尔塔拉蒙古自治州/阿拉山口市,a la shan kou,a,3118
652722,精河县,精河,3,652700,650000,652700,新疆维吾尔自治区/博尔塔拉蒙古自治州/精河县,jing he,j,3119
652723,温泉县,温泉,3,652700,650000,652700,新疆维吾尔自治区/博尔塔拉蒙古自治州/温泉县,wen quan,w,3120
652800,巴音郭楞蒙古自治州,巴音郭楞,2,650000,650000,652800,新疆维吾尔自治区/巴音郭楞蒙古自治州,ba yin guo leng,b,3121
652801,库尔勒市,库尔勒,3,652800,650000,652800,新疆维吾尔自治区/巴音郭楞蒙古自治州/库尔勒市,ku er le,k,3122
652822,轮台县,轮台,3,652800,650000,652800,新疆维吾尔自治区/巴音郭楞蒙古自治州/轮台县,lun tai,l,3123
652823,尉犁县,尉犁,3,652800,650000,652800,新疆维吾尔自治区/巴音郭楞蒙古自治州/尉犁县,yu li,y,3124
652824,若羌县,若羌,3,652800,650000,652800,新疆维吾尔自治区/巴音郭楞蒙古自治州/若羌县,ruo qiang,r,3125
652825,且末县,且末,3,652800,650000,652800,新疆维吾尔自治区/巴音郭楞蒙古自治州/且末县,qie mo,q,3126
652826,焉耆回族自治县,焉耆,3,652800,650000,652800,新疆维吾尔自治区/巴音郭楞蒙古自治州/焉耆回族自治县,yan qi,y,3127
652827,和静县,和静,3,652800,650000,652800,新疆维吾尔自治区/巴音郭楞蒙古自治州/和静县,he jing,h,3128
652828,和硕县,和硕,3,652800,650000,652800,新疆维吾尔自治区/巴音郭楞蒙古自治州/和硕县,he shuo,h,3129
652829,博湖县,博湖,3,652800,650000,652800,新疆维吾尔自治区/巴音郭楞蒙古自治州/博湖县,bo hu,b,3130
652900,阿克苏地区,阿克苏,2,650000,650000,652900,新疆维吾尔自治区/阿克苏地区,a ke su,a,3131
652901,阿克苏市,阿克苏市,3,652900,650000,652900,新疆维吾尔自治区/阿克苏地区/阿克苏市,a ke su shi,a,3132
652902,库车市,库车,3,652900,650000,652900,新疆维吾尔自治区/阿克苏地区/库车市,ku che,k,3133
652922,温宿县,温宿,3,652900,650000,652900,新疆维吾尔自治区/阿克苏地区/温宿县,wen su,w,3134
652924,沙雅县,沙雅,3,652900,650000,652900,新疆维吾尔自治区/阿克苏地区/沙雅县,sha ya,s,3135
652925,新和县,新和,3,652900,650000,652900,新疆维吾尔自治区/阿克苏地区/新和县,xin he,x,3136
652926,拜城县,拜城,3,652900,650000,652900,新疆维吾尔自治区/阿克苏地区/拜城县,bai cheng,b,3137
652927,乌什县,乌什,3,652900,650000,652900,新疆维吾尔自治区/阿克苏地区/乌什县,wu shi,w,3138
652928,阿瓦提县,阿瓦提,3,652900,650000,652900,新疆维吾尔自治区/阿克苏地区/阿瓦提县,a wa ti,a,3139
652929,柯坪县,柯坪,3,652900,650000,652900,新疆维吾尔自治区/阿克苏地区/柯坪县,ke ping,k,3140
653000,克孜勒苏柯尔克孜自治州,克孜勒苏,2,650000,650000,653000,新疆维吾尔自治区/克孜勒苏柯尔克孜自治州,ke zi le su,k,3141
653001,阿图什市,阿图什,3,653000,650000,653000,新疆维吾尔自治区/克孜勒苏柯尔克孜自治州/阿图什市,a tu shi,a,3142
653022,阿克陶县,阿克陶,3,653000,650000,653000,新疆维吾尔自治区/克孜勒苏柯尔克孜自治州/阿克陶县,a ke tao,a,3143
653023,阿合奇县,阿合奇,3,653000,650000,653000,新疆维吾尔自治区/克孜勒苏柯尔克孜自治州/阿合奇县,a he qi,a,3144
653024,乌恰县,乌恰,3,653000,650000,653000,新疆维吾尔自治区/克孜勒苏柯尔克孜自治州/乌恰县,wu qia,w,3145
653100,喀什地区,喀什,2,650000,650000,653100,新疆维吾尔自治区/喀什地区,ka shi,k,3146
653101,喀什市,喀什市,3,653100,650000,653100,新疆维吾尔自治区/喀什地区/喀什市,ka shi shi,k,3147
653121,疏附县,疏附,3,653100,650000,653100,新疆维吾尔自治区/喀什地区/疏附县,shu fu,s,3148
653122,疏勒县,疏勒,3,653100,650000,653100,新疆维吾尔自治区/喀什地区/疏勒县,shu le,s,3149
653123,英吉沙县,英吉沙,3,653100,650000,653100,新疆维吾尔自治区/喀什地区/英吉沙县,ying ji sha,y,3150
653124,泽普县,泽普,3,653100,650000,653100,新疆维吾尔自治区/喀什地区/泽普县,ze pu,z,3151
653125,莎车县,莎车,3,653100,650000,653100,新疆维吾尔自治区/喀什地区/莎车县,sha che,s,3152
653126,叶城县,叶城,3,653100,650000,653100,新疆维吾尔自治区/喀什地区/叶城县,ye cheng,y,3153
653127,麦盖提县,麦盖提,3,653100,650000,653100,新疆维吾尔自治区/喀什地区/麦盖提县,mai gai ti,m,3154
653128,岳普湖县,岳普湖,3,653100,650000,653100,新疆维吾尔自治区/喀什地区/岳普湖县,yue pu hu,y,3155
653129,伽师县,伽师,3,653100,650000,653100,新疆维吾尔自治区/喀什地区/伽师县,jia shi,j,3156
653130,巴楚县,巴楚,3,653100,650000,653100,新疆维吾尔自治区/喀什地区/巴楚县,ba chu,b,3157
653131,塔什库尔干塔吉克自治县,塔什库尔干,3,653100,650000,653100,新疆维吾尔自治区/喀什地区/塔什库尔干塔吉克自治县,ta shi ku er gan,t,3158
653200,和田地区,和田,2,650000,650000,653200,新疆维吾尔自治区/和田地区,he tian,h,3159
653201,和田市,和田市,3,653200,650000,653200,新疆维吾尔自治区/和田地区/和田市,he tian shi,h,3160
653221,和田县,和田县,3,653200,650000,653200,新疆维吾尔自治区/和田地区/和田县,he tian xian,h,3161
653222,墨玉县,墨玉,3,653200,650000,653200,新疆维吾尔自治区/和田地区/墨玉县,mo yu,m,3162
653223,皮山县,皮山,3,653200,650000,653200,新疆维吾尔自治区/和田地区/皮山县,pi shan,p,3163
653224,洛浦县,洛浦,3,653200,650000,653200,新疆维吾尔自治区/和田地区/洛浦县,luo pu,l,3164
653225,策勒县,策勒,3,653200,650000,653200,新疆维吾尔自治区/和田地区/策勒县,ce le,c,3165
653226,于田县,于田,3,653200,650000,653200,新疆维吾尔自治区/和田地区/于田县,yu tian,y,3166
653227,民丰县,民丰,3,653200,650000,653200,新疆维吾尔自治区/和田地区/民丰县,min feng,m,3167
653228,和康县,和康县,3,653200,650000,653200,新疆维吾尔自治区/和田地区/和康县,,,3168
653229,和安县,和安县,3,653200,650000,653200,新疆维吾尔自治区/和田地区/和安县,,,3169
654000,伊犁哈萨克自治州,伊犁,2,650000,650000,654000,新疆维吾尔自治区/伊犁哈萨克自治州,yi li,y,3170
654002,伊宁市,伊宁市,3,654000,650000,654000,新疆维吾尔自治区/伊犁哈萨克自治州/伊宁市,yi ning shi,y,3171
654003,奎屯市,奎屯,3,654000,650000,654000,新疆维吾尔自治区/伊犁哈萨克自治州/奎屯市,kui tun,k,3172
654004,霍尔果斯市,霍尔果斯,3,654000,650000,654000,新疆维吾尔自治区/伊犁哈萨克自治州/霍尔果斯市,huo er guo si,h,3173
654021,伊宁县,伊宁县,3,654000,650000,654000,新疆维吾尔自治区/伊犁哈萨克自治州/伊宁县,yi ning xian,y,3174
654022,察布查尔锡伯自治县,察布查尔,3,654000,650000,654000,新疆维吾尔自治区/伊犁哈萨克自治州/察布查尔锡伯自治县,cha bu cha er,c,3175
654023,霍城县,霍城,3,654000,650000,654000,新疆维吾尔自治区/伊犁哈萨克自治州/霍城县,huo cheng,h,3176
654024,巩留县,巩留,3,654000,650000,654000,新疆维吾尔自治区/伊犁哈萨克自治州/巩留县,gong liu,g,3177
654025,新源县,新源,3,654000,650000,654000,新疆维吾尔自治区/伊犁哈萨克自治州/新源县,xin yuan,x,3178
654026,昭苏县,昭苏,3,654000,650000,654000,新疆维吾尔自治区/伊犁哈萨克自治州/昭苏县,zhao su,z,3179
654027,特克斯县,特克斯,3,654000,650000,654000,新疆维吾尔自治区/伊犁哈萨克自治州/特克斯县,te ke si,t,3180
654028,尼勒克县,尼勒克,3,654000,650000,654000,新疆维吾尔自治区/伊犁哈萨克自治州/尼勒克县,ni le ke,n,3181
654200,塔城地区,塔城,2,650000,650000,654200,新疆维吾尔自治区/塔城地区,ta cheng,t,3182
654201,塔城市,塔城市,3,654200,650000,654200,新疆维吾尔自治区/塔城地区/塔城市,ta cheng shi,t,3183
654202,乌苏市,乌苏,3,654200,650000,654200,新疆维吾尔自治区/塔城地区/乌苏市,wu su,w,3184
654203,沙湾市,沙湾,3,654200,650000,654200,新疆维吾尔自治区/塔城地区/沙湾市,sha wan,s,3185
654221,额敏县,额敏,3,654200,650000,654200,新疆维吾尔自治区/塔城地区/额敏县,e min,e,3186
654224,托里县,托里,3,654200,650000,654200,新疆维吾尔自治区/塔城地区/托里县,tuo li,t,3187
654225,裕民县,裕民,3,654200,650000,654200,新疆维吾尔自治区/塔城地区/裕民县,yu min,y,3188
654226,和布克赛尔蒙古自治县,和布克赛尔,3,654200,650000,654200,新疆维吾尔自治区/塔城地区/和布克赛尔蒙古自治县,he bu ke sai er,h,3189
654300,阿勒泰地区,阿勒泰,2,650000,650000,654300,新疆维吾尔自治区/阿勒泰地区,a le tai,a,3190
654301,阿勒泰市,阿勒泰市,3,654300,650000,654300,新疆维吾尔自治区/阿勒泰地区/阿勒泰市,a le tai shi,a,3191
654321,布尔津县,布尔津,3,654300,650000,654300,新疆维吾尔自治区/阿勒泰地区/布尔津县,bu er jin,b,3192
654322,富蕴县,富蕴,3,654300,650000,654300,新疆维吾尔自治区/阿勒泰地区/富蕴县,fu yun,f,3193
654323,福海县,福海,3,654300,650000,654300,新疆维吾尔自治区/阿勒泰地区/福海县,fu hai,f,3194
654324,哈巴河县,哈巴河,3,654300,650000,654300,新疆维吾尔自治区/阿勒泰地区/哈巴河县,ha ba he,h,3195
654325,青河县,青河,3,654300,650000,654300,新疆维吾尔自治区/阿勒泰地区/青河县,qing he,q,3196
654326,吉木乃县,吉木乃,3,654300,650000,654300,新疆维吾尔自治区/阿勒泰地区/吉木乃县,ji mu nai,j,3197
659001,石河子市,石河子,3,650000,650000,,新疆维吾尔自治区/石河子市,shi he zi,s,3198
659002,阿拉尔市,阿拉尔,3,650000,650000,,新疆维吾尔自治区/阿拉尔市,a la er,a,3199
659003,图木舒克市,图木舒克,3,650000,650000,,新疆维吾尔自治区/图木舒克市,tu mu shu ke,t,3200
659004,五家渠市,五家渠,3,650000,650000,,新疆维吾尔自治区/五家渠市,wu jia qu,w,3201
659005,北屯市,北屯,3,650000,650000,,新疆维吾尔自治区/北屯市,bei tun,b,3202
659006,铁门关市,铁门关,3,650000,650000,,新疆维吾尔自治区/铁门关市,tie men guan,t,3203
659007,双河市,双河,3,650000,650000,,新疆维吾尔自治区/双河市,shuang he,s,3204
659008,可克达拉市,可克达拉,3,650000,650000,,新疆维吾尔自治区/可克达拉市,ke ke da la,k,3205
659009,昆玉市,昆玉,3,650000,650000,,新疆维吾尔自治区/昆玉市,kun yu,k,3206
659010,胡杨河市,胡杨河,3,650000,650000,,新疆维吾尔自治区/胡杨河市,hu yang he,h,3207
659011,新星市,新星,3,650000,650000,,新疆维吾尔自治区/新星市,xin xing,x,3208
659012,白杨市,白杨,3,650000,650000,,新疆维吾尔自治区/白杨市,bai yang,b,3209
710000,台湾省,台湾,1,,710000,,台湾省,tai wan,,3210
810000,香港特别行政区,香港,1,,810000,,香港特别行政区,xiang gang,,3211
820000,澳门特别行政区,澳门,1,,820000,,澳门特别行政区,ao men,,3212
